y,sigma,x
60.87651912705905,1.6954587155740235,-1.2070657493854209
-4.360830842562202,4.66538506918974,0.27742924211066
-2.363278288505792,7.495689666000342,1.084441176683056
34.99135412696281,5.580895048270412,-2.3456977026293493
0.201992885240466,4.669684669204732,0.42912468881105
-5.254231807811012,3.4440591451535094,0.506055892157574
-2.216003833863039,5.0203562720174055,-0.5747399601346488
0.8583942568394507,2.8757935235559553,-0.546631855784187
8.626879605879433,6.839645859756346,-0.564451999093283
7.987859727137873,6.7349146960577135,-0.8900378290441038
3.8951452428463664,5.062985580702261,-0.477192699753547
3.4005381405546333,6.600162508409918,-0.998386444859704
33.169632162008334,6.323852003352474,-0.77625389463799
1.3182220620880694,3.8341567089167596,0.06445881727626934
4.93944545445423,4.9163598802881054,0.9594940589707713
2.8242199604882763,4.396040606023874,-0.1102854943907743
3.3029856391314327,4.464293407752403,-0.5110095058066422
-9.024685007634222,4.83990368527002,-0.9111954166298112
29.039574396489122,6.049174239649309,-0.8371716802689395
3.0608101139208204,2.689669457863587,2.415835178489341
-1.2663231988902057,8.092465728664157,0.1340882201520312
-1.177975772148291,2.737949619760142,-0.4906858966909428
9.05059949696155,4.533583949376452,-0.44054787235322707
1.4813507944793276,0.6575968291492875,0.45958944100585364
0.670438221491731,7.1975353584424235,-0.6937202469374755
-1.4284371537113767,6.520201166713174,-1.448204910386472
2.725881510425208,3.2312114214401784,0.5747557209007284
68.6114918323288,8.91279915740176,-1.023655722963879
2.7340548886665523,2.1422196500214,-0.015138300364181678
10.933011760867052,5.7118584840674815,-0.9359486011683936
-0.5354232870364529,0.5882950425854857,1.1022975462002629
18.117574957016277,7.190737196526931,-0.4755930788690574
12.246784379317589,6.292518157676225,-0.7094400375125062
12.379408021653441,5.661297592816121,-0.5012580605947614
14.601825897561843,0.68610393163274,-1.629093469078704
10.80681259214786,5.40782032735804,-1.1676192620941863
0.4543053811778621,4.440898537172175,-2.1800396489486737
17.411219071617595,5.538200840676676,-1.3409931921000284
18.901047688975314,2.5676403054202357,-0.2942938587637133
9.57785599090248,1.506335173471368,-0.4658975404061103
-0.6304918587520147,2.4671124266896585,1.449496265287132
5.1080673626946815,5.62627816010519,-1.068642723674581
4.66331247001373,1.0170117759140147,-0.855364633737507
3.8811627017477592,2.8040000382268433,-0.2806230019574539
11.374384897663596,3.945548634473716,-0.9943400762956649
35.43999334238899,2.729385028645243,-0.968514317872049
36.404178816008574,3.2655563904509153,-1.107318192641766
18.7246306357096,3.357278879563119,-1.25198588563894
10.811540935097039,3.805666959940025,-0.5238281189873557
-1.5100918598859083,2.02746092918834,-0.49684995726669995
12.081458827580402,3.363485981138962,-1.8060312568019488
15.004112141731227,5.872321171382062,-0.5820759246893328
0.9520683700357627,7.317436255839506,-1.1088896244267814
6.111733267227669,7.654412437903893,-1.0149620094920093
6.0721143996028,3.364910876699709,-0.16230952355681924
11.31893774163299,4.873106316446095,0.5630558189945174
-12.27906910574876,8.227323523425486,1.6478174728150614
13.46184832166519,1.1766918310020735,-0.7733534239436951
-0.21184032755254983,1.4123787735363473,1.6059096288572963
9.836213786199203,7.618297109012511,-1.15780854769441
2.8492215443634503,2.1686209317817826,0.6565884643328073
-1.3362580522844387,1.5063117698296542,2.5489910707178565
10.515786478832926,7.470840364933864,-0.03476038980383759
5.724074699148358,9.669526410086805,-0.6696335796619575
20.848412603727343,3.7514785613234367,-0.007604755710974629
-8.49534505318092,8.20182272694873,1.7770844481434263
11.997736786620557,1.49161449795865,-1.1386077367509086
-5.967735839216602,8.73689258586617,1.3678271794232626
1.3064529335814323,0.9114233603726948,1.3295647907823602
1.0827261824026357,1.1582942717009463,0.33647279720381734
7.7959877562739575,4.072493845347867,0.006892838441957958
2.197901556444409,4.250897993164044,-0.4554687381614281
1.195853715552751,3.7648372780788764,-0.3665239328739332
7.291366502248251,3.698985053184926,0.6482865675031478
-3.337204124847835,5.484339300792893,2.0702708613309433
13.343386713404577,1.8780577395095772,-0.1533984124669701
16.600564706878828,3.568141108113574,-1.390700946701491
1.623362277773267,3.496660210917821,-0.7235817771101544
-0.6193186198138567,3.9132649050192265,0.25826176216785335
12.830406999138324,3.0944958681761348,-0.31705911496119904
-0.3690312096295541,7.361333312662764,-0.17778995766429437
-6.5432816662664885,8.22415867211851,-0.1699940768545406
14.395747644252374,7.228963638526765,-1.3723018858766938
15.522811294563946,7.495041271671017,-0.1737871704140332
15.602751156179611,1.1595912297825388,0.8502322571218842
5.844172192816517,6.279224482468261,0.697608711668253
1.1116601235703691,2.7674100537504045,0.5499973510911011
16.140515005298667,3.3287000971229985,-0.4027319754476228
-0.9417651151170126,1.5276308068619817,-0.19159377047847675
-3.2559636689311855,10.555057865999133,-1.1945278796025132
-6.744675452628873,7.191300592411071,-0.053158818743323934
12.155638533856578,7.618900670195837,0.2551960009958334
5.7302943033059694,6.639916753756677,1.7059640072400748
-3.6154785912386185,10.753472077767933,1.0015132523634485
25.974072683692764,3.619839291635873,-0.4955834430014601
10.942106928135184,5.378850875854653,0.3555502969997491
30.134652417784423,7.208410900337679,-1.134608043533848
3.7643206452796076,2.9077807826471487,0.8782036269522915
2.741066335007462,4.290976345339705,0.9729167533761225
4.618932518860426,8.127834976854176,2.1211171053756757
2.4864069916800684,0.47689758263291954,0.41452353437498546
10.85797814085085,4.31729239180665,-0.47471847352936014
3.322730857448226,3.8187714768260763,0.06599349370446135
25.581194172103533,7.073706621615428,-0.5024777823938661
9.580766535458729,3.9191514528124234,-0.8259985871293356
-1.5686770092688436,4.323181842543497,0.16698927975298372
13.428893150884084,1.6597394661847993,-0.8962646262447586
3.8651542262124186,1.5245301592343892,0.168185387655757
5.790338349165957,4.3027093897265125,0.35496826101485446
9.526683375125506,6.500742378115454,-0.052105116871133596
20.85004777513359,6.651058395146057,-0.1959346187162532
3.521016323910284,0.9853476478545652,-0.6490697516057603
0.16677428736064082,5.3071980591951515,-1.1097672313987317
12.912721400866454,6.029149889221845,0.8492742026550582
8.384644285226603,1.9587406498094146,0.02236252607602403
1.3033395782607209,1.3615200388509117,0.8311406173068353
24.917985924350287,3.9635151041141956,-1.2442878513442277
2.7433626052434006,9.139295447830545,0.16902641376617525
-3.5579254777563056,8.452587790827428,0.6731663069476793
2.3986670438224484,3.926374686580806,-0.0262763764485261
1.3005636988601832,1.8376900469588948,-0.19139216855602378
156.10208084487252,2.394692504977103,-0.7819066466998764
-0.8840813148420488,3.30478448369555,2.0581619877634907
9.548989717032981,5.181871842870641,0.7505014531558307
0.5102624231920115,2.0992205615912773,1.8242083023782891
12.372175830057927,2.7765247804735553,0.08005964109198799
18.003453490863908,4.516208797521682,-0.6314092989663658
11.802335297134412,4.758428152761319,-1.5132881200337271
5.9838455770688554,4.283571400074557,-0.6360998310850513
7.737036650913532,8.306624583917655,0.22630153249716084
-1.906822444511449,11.418039077864778,1.0136903474657484
-9.804251779996235,8.234068487879316,0.2527501350663418
11.112584058460321,7.675152958830772,-1.1719483128411208
8.10088367792551,3.2131841783611947,0.6687143285250335
59.22898251941848,4.1489499429718055,-1.6501009348443607
11.48667601657214,4.652927087512394,-0.3658522481919009
4.81311881926169,3.329615380197044,-0.31611832883307983
301.0146377298948,5.642798709204837,-1.948246047321369
4.471143597351695,4.069175035601803,0.9200575223909052
0.514391542858408,4.768595222126145,-0.6228715948788748
1.8100751952238354,5.0367968251082065,-0.3340366499974584
-1.4913452837780934,1.860881972716515,1.3951478925296228
4.866993889523264,3.3362098337645514,0.63667441103895
7.720556590502985,5.396213628504613,-0.10843169699038264
-4.6147110097328,4.620313456730474,0.5137627784046735
5.582847132782428,12.817858710199099,0.39927180727395833
2.423579205553977,3.9794984947544134,1.6628564474304048
24.216668520535414,3.5326711357625316,0.2758934035854829
2.356919172447548,4.937401272417151,0.5062726232076872
9.768449198490888,3.2940828379869713,0.34755197502381147
30.013026859500194,5.965569164532014,-0.37723764749631333
2.806959736555023,6.215750682228429,0.09761946310923739
-8.644541833465487,8.0993522981852,1.6387446451217278
4.605986801688745,2.762822912673533,-0.8755924741895688
2.978808146295506,3.9823878611685903,0.12175999864104588
2.249528727061815,2.3851840247784213,1.362130660844982
1.9928148943373465,4.621523520502992,-0.23462108692271014
10.046173447581596,5.406665880362213,-1.053382807943086
15.005664877580713,4.730603643217321,-0.8697836056359117
1.4239159078006385,5.701383903219058,-0.3901270296470549
10.228431722400417,4.731948765987379,-0.8473500731295719
-1.163662191677116,2.870320718409352,-0.26063939209939924
-3.1660197307876947,4.829880448834787,-0.4144197063418933
3.6216420402567318,2.861351776162377,-0.1830507977194335
2.775468979075037,5.002886493850329,0.40705609788057767
12.638529999247805,4.8107970271834954,0.6246331282021466
-3.977664614437348,6.126879262204371,1.678205743704712
62.2725394181442,9.714283576589198,-0.06869365356499067
-8.400579360771445,4.3051681300260345,-0.32083991265817746
-6.711539750244886,5.391333064748388,1.471005717048905
2.9266528638998732,3.800752524548351,1.7043293978270984
2.133856027976118,1.2008716613760215,0.04324403755752908
18.974480722822534,7.745184056415807,-0.332657319133519
-6.074944072788376,7.453701816558755,-1.8222354175630957
-2.7147393655289864,2.865991682789162,1.4112623987467803
7.334272799289173,1.3484099325909569,-0.8375824340768611
22.788539733572403,5.86973456399874,-1.1237627943953163
-1.361928656703317,3.629620347595579,3.043765886095288
-2.621125756332612,6.403038610931322,0.2350213082506708
1.7956577891886347,6.1879871609205335,-0.033258610113305734
143.27742705589307,3.4853751464582903,-2.7322195229558033
6.133589879107595,5.197428577947035,-0.09979058844189614
4.284007085536048,6.8377678193285805,0.9760317349223964
3.410251168414777,3.6168213777207603,0.41386891545109733
-6.93522040817747,4.80141472402698,0.9123221616101135
-0.7600193631330803,6.215802264857055,1.983732200684385
6.7332547226265005,6.234335059823222,1.1691085140136264
7.1150446101274785,4.542938791420867,-0.5087370154152195
5.408589496762033,3.0117674224262774,0.7041801784655121
3.460916354857192,3.6150120642073653,-0.19841627382207877
-0.44088838521977003,5.687751339179784,-0.5380707888848628
131.82296974775835,7.799704880444291,-2.8557586550192346
26.100422774007242,1.150794274450407,-0.7896468522637611
0.7966376164098643,0.6933125885981475,0.48781463516368456
0.5815420124153956,4.837397119716588,2.168032539519327
12.156230224140247,4.560450809065581,0.5006946142807859
1.189546423229653,8.135414280888188,0.6202102036673197
37.334191997856564,6.084292219285725,-0.9659032101335753
3.147124624024167,4.533947035501829,0.16265470811826502
89.31615547208033,2.3899338399129975,-2.078237541887377
5.686813598785737,6.671137728043581,0.4852268205692524
2.4159334234590197,5.91547379706184,0.6967687785649126
-3.906713159426462,4.426855537480077,0.18551391558305708
2.5646388870167494,4.23224968220676,0.7007335155444611
6.4448652264214275,3.61897308904654,0.31168102866135927
7.655504608276042,3.2647310530834903,0.7604623619678382
-1.2566627542241744,5.553054001224951,1.8424636262076608
1.0531609892384015,0.9470726480322884,1.1123628412625959
-3.0525868570090906,3.5232201602354363,0.032663957501444116
4.418198357841396,4.551400784752235,-1.1144489647973643
3.2519255944692826,1.9444616136685167,0.418057822385083
48.37460334085191,7.74661586134929,-0.4002352373431631
-4.16789328144901,3.6689384439934773,1.4934931026174805
52.76857244329801,2.2329581830140226,-1.6070809398497166
13.896437237788607,4.82454622600516,-0.41575178840151533
3.90956312207975,3.5549716248113072,0.42200837321741996
-4.131329454529802,1.6998536842628997,-0.1517365365349772
-2.2668214079169973,3.4004623839982577,-0.6061511152642196
10.352087969280134,7.131411749405897,-0.3047210689667141
1.421385722599644,5.717458728483105,0.6295360998844716
0.3550048438185971,5.224933271734194,0.8951719802755387
9.799661667513156,6.1379156272428395,0.6602126318204053
2.348497156308824,5.435339757852319,2.2734835204474795
-4.724510744674359,4.089455877089881,1.1734975726323913
11.340463199711026,5.48114378448342,0.2877097283137869
3.7610591846520895,10.240913753760193,-0.6597700938213056
-2.108897778350126,4.9963750449248145,2.919140130717616
3.1997991697855035,3.2142155048301313,0.6774155004383278
13.766931488286478,8.173831185802907,-0.684320344136007
7.242857568847414,3.3240123569063305,0.1864920830809705
6.501438427311918,2.9159070450003606,-0.32439330048365717
14.186623984500285,1.5019090021636674,-0.2747042182258064
41.67639383373449,2.9774847540959666,-0.9335033405898677
2.1540721238323064,4.376098144463273,0.11684534498608157
1.3950823237079606,6.774128673870926,0.3191602386481171
2.360140567952515,1.380154079644303,-1.0775421227594297
37.540470963121436,4.8269293878537045,-3.2331521329231374
15.678032501766731,4.113254750107316,-0.2548746526545339
-0.4897038582120269,0.9089211287927595,0.029517830321479727
-1.2440131395387253,4.135727153598282,0.5942737741105125
3.7072882951011885,0.6346890081293673,0.05913516817879686
12.09761284413764,4.369087362226709,0.41339889473704555
20.4302628502389,7.420846859301975,-1.0977721745704208
0.6683528088710199,9.223166145566346,0.7111752572704405
7.382433600524155,4.898090255838235,0.7188887298541428
1.493724377408999,1.1897337676930106,0.25165106902896767
-0.2162388182952455,2.3129510965075237,1.3572744361517743
18.350680450633394,9.083317105231968,0.40446847127860724
0.5042785102893484,6.820302130466353,0.2643642698379387
5.596473012990003,6.074310273540444,0.26804390414369733
2.0503395561517306,3.2054387322967193,0.4369305770394833
3.832197386077774,7.333215677391791,1.0601239054873643
-1.5808856266823899,4.295040535720142,0.45219039652871523
16.456368638724875,8.946497331409033,0.663198615687065
46.629421899754384,1.2511666452475245,-1.136373553990835
7.901595075458252,7.170492045792571,-0.37049751709211715
-1.0879623827670033,7.687738541935456,1.4769695897924702
20.12308851202497,3.04534999657853,-1.223903750513756
-2.192640836217695,9.131972469776361,0.25806838739610555
1.8664551227432982,3.1305384948754162,0.40500280543351647
-1.5546475401975364,3.3196047787657155,0.9758033218094498
3.7212883564047647,5.391318731224697,-0.3488767365399089
-4.880240143629716,6.161742410916044,0.15862543949126237
4.533943870899965,2.786899457619486,-1.7632550665411535
-1.0506949441282845,3.0124854253567843,0.3385960470999051
-0.22624901368644323,1.8021107935063458,-0.666565029559273
6.834649267375131,2.8285829274394434,-0.23864662432764408
5.487363345891872,6.41350757439938,-1.1877652824571938
7.031911417145291,4.111495287725991,0.38493532176857836
3.3395112319329243,3.2675723046110803,0.6665795156544796
-4.295745684559443,4.098238058482177,-0.30461388945773527
-1.8660793397753541,5.714218846877693,1.8250110640862958
-1.986628245322806,1.8853028853884057,0.6705593705675875
16.68607010292597,9.123676290487467,0.9486325732551532
7.1295484461985,7.403016843915143,2.049403001670911
0.278578213694356,5.5555129472172355,-0.6511136092375348
3.6156332320010325,1.2524567026378803,0.8086192728462934
3.3172211102756872,5.185358303880589,0.986580613954563
5.013248426748093,1.7887133022338586,-0.006170796090700027
9.604277291886255,5.599507603832967,0.3190523579319117
47.274053936987556,4.356183828666326,-1.0118219027418442
142.71300245800083,2.2862218605460995,0.4701675477263889
10.482920014066824,5.162384149220954,-0.7009703316290975
3.655139921280983,4.393703405981382,0.8136828625264914
18.02785021976832,1.5055868652687405,-0.8114307839927722
9.55380200093744,2.177515098949723,0.31939748709946025
30.27561057856785,6.009725212499706,-0.8465226531636244
7.378515219088354,6.578185056389857,-0.24576317912873258
15.130716701582013,1.8846585942693237,-1.552859011105461
9.375068503147542,4.32970733697953,0.12843403292575334
1.525059526310867,2.1311502178918773,0.9854433894048675
-1.8496716209288422,2.4766388637989865,0.18324752306719144
16.272555767152625,4.893206727533796,-1.7662292134304587
3.278418868655312,4.284583729756642,-0.6205336966159437
2.636621605732955,4.002622421814728,1.6560430369987358
2.7131655969209127,5.420601132382968,1.8098053855838763
2.1379613260960446,0.8179832589486378,-1.1750367680121352
17.331508140139036,4.759385810089619,-0.3667032588276411
1.7349509911360643,5.158345958131393,0.35362544892728676
-3.5918957755351912,3.4078581562110575,0.3191562208678976
16.943464078051456,9.017992502428362,-0.5799569890194015
1.5395354046319838,2.051376267274831,-0.9532787019469066
2.811012823049972,4.862230671469727,-0.179428586945621
15.483853975673217,4.88931880085927,1.0098082149443033
2.1106478830304236,1.721720576856855,0.023626614921408818
-0.5322145198361161,8.064496695531489,-0.6490282195839006
5.903089469766114,4.658513749035776,-0.5043742220481909
-4.690858464932541,4.120892339843489,1.6143914954583631
1.1846039953298968,1.0559613616271983,-0.446959811255663
1.9969852900393459,2.725636137688149,0.7631767611133149
-3.4195910593004912,1.9811508572822643,1.471718686185799
-4.158506891697137,3.190952454269953,0.4436649036874155
13.982644739457548,5.469603257418432,-0.4217218700701888
2.0110438146336462,3.028309189995018,-0.040001626206073636
5.496445898732283,2.141529278181558,-0.4922799682278874
-0.24725530708635224,2.658552624079789,1.2277171173127512
14.389965290661246,3.9850179601041678,-0.1495535652443922
-1.6296064058988127,3.4025545781951454,1.5499833839824633
9.179507995914033,3.678040196153412,-0.5616125353813136
0.4048388895981423,4.408016631597257,-0.6471172506323607
3.8333283264159745,4.34886599337291,0.14313215905042678
4.108759833998032,0.5271477731152157,0.024188647991051214
6.945528519572844,2.8057728676763176,-0.504451524580869
10.606623781878646,4.636583122564125,-1.5813968099303388
6.14757948520424,3.9841368864224442,0.030066421255418002
8.552085064570244,6.819287213575911,-0.7165766990707013
6.48217435597562,6.890460797705702,1.082610955476119
12.185845336329088,6.785629303392867,-0.9526854549392934
5.8105690259484355,3.6781328592466287,1.1264827290091572
52.7576842497609,1.6191993394565727,-0.649043017379116
-9.707968827922675,4.965878591588546,0.2924700784067261
1.263318503696056,3.8067537701482204,0.898702724402737
10.449944473741429,8.411227363991276,-0.518742356791874
-3.1964816946285746,4.455415285832801,0.5544385523451252
-2.2902874827237447,4.777517497995756,-0.08797367118401277
4.751454227612189,6.268892607789936,-1.1352129294075217
-4.805923601429241,7.1217108236464775,-0.27007961099990185
-1.050869088955356,5.510945104994244,1.6197898775349362
3.5290724711174217,2.204094105541519,-0.21413117369664017
2.9765727991378816,5.999993743679762,-0.8177824629249568
-4.220613000370042,6.250485421618906,-0.054022924081607145
3.609786326921139,2.950932278599799,0.33014160985786933
-1.0167579134432272,3.357553955506494,0.9553246146573993
0.45991043184669955,1.3977844939358708,1.1439598777924413
0.8120779348756022,5.269243387420966,0.10052239837506317
0.4478310493696991,3.1417861967643663,1.164575245657383
10.280678363684768,4.487587557405308,-0.7642599477991477
62.9029007111036,4.471563156948045,-2.3445134046903036
49.29964516145352,4.591411804383556,-0.47168342552953557
5.433737603075123,3.6554111506388405,-0.5158554895073899
47.56875851413754,2.545658245235142,-2.3160361515025607
20.31569071519361,3.8673347423131155,0.5624717569695327
-0.4412865162456032,3.6048943733674452,-0.7837751394223808
1.913606145106628,5.210240111433667,-0.22605398622816514
13.348089088571534,5.951214271632655,-1.587102987654042
5.198029842482978,4.168807236852438,0.5475242018683159
-1.6477815733496077,3.6357806463665505,1.8912270173554806
11.341325819320359,3.337701046947007,-0.878077110224044
0.7980049877262876,5.966605337036407,-0.1125589110447869
1.8589059028334294,5.416048230688711,1.948713064975991
3.223388344538727,5.516813058529809,0.933816332207727
-0.7740058273073886,4.444665062516523,1.913059421697048
4.811272423710045,3.2500134176896522,-0.005234057931939571
-1.687445833033191,7.75319995432583,-0.1522600489216351
9.958401453214057,1.216728454285991,-0.5096316571791182
1.692422925105688,2.0588416160186043,1.4345737034261172
5.966860471177065,3.0297850578854684,-1.2858385323329884
3.259601703061457,1.1889952036622327,0.30731421525501823
1.1802412152505624,4.835454441375089,-0.04631853327738303
-1.5664142036541164,2.885215573261608,2.2518418001268783
1.8614978342750956,2.839115361635621,-0.6080337286097077
143.93365505922404,7.234438205582763,-1.5092881698510359
-19.354709369577,9.965039944462108,0.2326317695085757
18.705615676686236,4.447355002622816,-0.03964869605109323
11.449156762235052,1.5358779832845384,-0.8391250675053454
39.753057905621716,3.6042374889448046,0.132291088244156
6.443790153096002,2.0447527970835973,-0.27552474670593896
23.21677394371081,6.662988214361935,-0.6787586412680318
4.269538297188986,4.164944695222418,0.5008359317758253
8.341170884156272,2.6225093532189963,-0.33166231200678864
162.15232021932746,5.139532020066737,-1.8349802507725264
19.299493709133742,5.762529158850914,-2.6517412483726814
0.913074146724896,4.204581505435838,-0.5805821720844149
5.753301142956177,2.639071587301415,1.4541868708711896
13.753673466038782,4.199092484553408,0.8381293799646926
-1.2438005384878354,5.719793370571094,1.215053580446136
7.973362575999282,5.9722882817980585,0.9825054427327946
5.112768665555955,4.399624189165681,0.3157640240184306
35.311618738069264,2.74519453023269,-1.5070626277163208
-3.637945954034021,6.192796142746583,0.20556978716627708
-7.087463446173426,5.16732260696524,1.5972280903438099
122.46681495337685,5.756188326101735,-3.3960635345743637
0.6682066755292384,5.906026862029805,-0.781352284302082
3.2531876341039236,6.691295656052691,1.1024646407519072
0.7531646732244311,5.7982963930390605,0.5287450194452926
-3.8649967952716633,6.318172935881408,0.789394403514854
23.625754781377257,9.377669641479864,0.45709950585608133
5.128523130483828,2.3210841628312653,0.5388331156581225
3.3502865588005575,1.0609533858109979,0.014643122411101167
-0.4266025772011357,2.587538653978289,-0.9164891357030934
10.460972793254026,5.457075719767521,-1.2268150907676552
-2.1568820936513795,6.377596933365915,0.036152868130223385
-3.1565711412981097,4.27261259055347,-0.42139311357138987
10.863761706869848,2.9161056177395803,-0.8993644084629048
1.2564011537893203,3.185781853810984,0.4174413174865617
5.111149882806368,4.1649341524333705,0.15344473686400992
-9.498605769418004,4.234688238728987,1.4632830451932464
0.4449024703293727,5.26506773034153,-1.1215024973255419
0.23402342022162426,6.306949105719039,-0.517788083055024
6.687194189739277,2.341819690339806,-0.07494708833852334
3.5015279787674563,5.027619034916658,-1.407790081439081
0.8346503441740032,5.481396550176734,-0.2847058681104772
0.5415778974194225,4.200227179379545,-0.7081711782133764
4.47109513954805,5.039395036746662,-2.147639001137516
-5.510808449367367,4.168519567306229,-0.2838371606113577
3.8987607841973753,5.475714256498953,-0.534072163976087
2.8756095572283393,1.4288566605813278,1.1330101941541955
-2.191781362615094,2.32176252784385,-0.6040689228476556
-2.8739322812381074,4.850975799088984,0.5575115955924721
18.76804825421492,3.95427102652188,0.1426292932550868
6.272309638910472,5.645438331482124,-1.2368602148453245
1.8608572174117253,7.1392330459205295,0.37414397250318954
12.49877872666773,3.425778079342168,-0.10608612346645348
6.199105714247226,4.425760519152028,0.16606198650904894
5.520556449276233,5.345770059841907,0.6580348483424062
1.1576955652374612,4.748519551986018,0.11396291997138559
2.65141015495057,2.013156869838516,1.5851591640311908
13.931999523810665,1.9696225772760383,0.11555344044332423
33.1538184276216,1.700169266662166,-1.2539990392835152
2.9529673506959244,3.2548782533048186,0.7418647793007402
2.885330691118641,4.8147572619342816,-1.2229016149998486
30.193191139958692,6.511791203014301,-1.9188941317621135
0.6040951227174871,5.019571012368434,-0.8099363899207935
4.175653390732615,2.0262418204244357,-0.7446772287852775
2.299794723228101,5.165891562982607,-0.6075059226931991
2.075561759549665,5.408135607233005,1.6067595660649365
-7.02547515442166,6.499382456185809,1.6355994462836276
-5.335499087965869,4.717248632863702,0.7260910966984924
126.03327753154201,1.900082488398929,-1.2738349250434584
8.207165475920586,5.761760527635803,0.02314655543334025
-1.2733990848718015,2.712344055801601,0.4871212338264784
0.4839870222026921,2.538745526460137,-0.13702750326973098
5.952327403002089,2.575920036510304,0.1717454824560094
15.459914244409287,5.800877676463411,-0.9447939148999867
392.6138607912459,8.60330990389243,-1.2876203060062124
-4.910542809609024,5.6841461944157565,1.407765738751031
7.384065495023054,3.8534952659646855,0.2673726890531598
0.4632650771560298,4.874973022162102,-0.4083976421460124
42.83268186557942,5.3467184893443145,0.32527121991694075
5.38772946152521,2.1895416032115342,2.0624809731193534
-1.5649814590984223,4.1550790343313775,0.3626669556639508
-7.12677874476456,5.593388964779824,1.4114046447038973
2.702644820345371,0.4015743138193698,1.3675443145754274
2.425709345356104,3.27281242902005,-0.4071761471215389
5.589484942532577,3.5372226685856307,0.762541730885853
44.92777947129636,1.8821498211727308,-0.6512008230317227
14.971747962048621,8.353316954508584,-1.4736557794683176
27.288279639411293,2.8670103586276663,-1.2016657964051098
1.0255394161952238,6.666100082568024,-0.1487204781300924
-5.706512538771691,9.761281637016383,1.7970624285523085
2.1125351931764182,1.1192916076654778,0.10480871785557148
5.9108650720749045,2.215256110793946,-0.802837973351476
7.28024470464628,2.0396077851810395,0.23037496416367462
7.1873748655068805,4.3626226757109245,0.6979751932180879
1.2390735781829587,5.638595391803492,-1.2952017319458806
1.9525471410729387,1.6717702982193319,-1.0546802179776649
27.541343845833488,3.32653616929765,-1.9416074896750715
5.1313794025592685,8.696786842210438,-1.2695605930037217
6.597412745294558,2.0828614852162093,-0.8874388108161076
4.492513818243752,4.831205035283339,-0.291915762703194
-3.5374935472702473,4.327897901033105,1.4100940529730297
3.483437930117042,5.281273707753507,0.8886414302639398
5.5275667679958005,1.8847805787341458,0.2729743196902614
23.251850580553164,4.788059524438298,-0.5666414660261893
5.674815234227777,9.680561454002145,-0.04020693743657449
16.64925530238576,7.613982927260624,0.547612245301063
-0.1620105394645428,8.3263930362271,-0.5040333216055358
-0.13567213645912712,2.3690139442144766,1.0590701295587992
13.663186949051424,3.177508912910668,1.0974535664357874
2.3453312000855124,3.9931356195564685,-1.1665046296255859
13.109176714098027,3.8003090196812317,-0.7469113100860605
2.89224518186642,2.649540329599573,1.2067387333392672
77.81658858864235,0.9071952078389752,-1.6872198805433503
1.9915886498607849,2.0341826990119345,0.4197098949063274
5.159274637463167,3.5513431982252137,0.23349876163879627
-1.8721588825740176,6.598735871775151,3.195901197857387
592.4812891773608,5.5871044142022885,-2.7296803412269512
21.596953462061,5.2735316479298575,-0.8407958014240466
2.920642606577904,2.462950507213764,0.6740286686504556
2.728977659741532,6.154425521761207,1.6743265096713895
2.836150311559069,3.529076168158176,0.8396870838404941
9.398573347238127,7.40098115810233,-1.4283684355551907
-3.3224955444395867,2.9781333511783075,2.239388169167821
1.3120683740861452,6.613387103349062,-1.7572662241017547
9.634330377427693,5.797114883637557,-1.1130160879046582
0.9859116593460481,4.256625940705965,-0.04314039061333365
-0.10901958331960537,3.8308633577769724,2.225586908906603
-1.630889556387252,1.9569618964097633,0.5063165873382197
2.736437286092011,1.6468890758988077,0.730396051435768
3.3134111662197956,2.3568143029153332,1.728077594736817
4.33831919116608,3.009483851251601,0.9847799683145558
5.056527921175426,5.911367044404293,-1.2247378759642664
-0.7862552992927826,4.280203475770503,0.7097262180658253
2.3082610040616585,9.341635686064487,-0.10921999257806404
1.2723679797613847,2.6898580227845,1.7826078953883333
15.797499051839221,1.4133075470052034,-0.24344467960297514
7.097575117620819,3.1065917654287047,-1.5271070222546108
2.6987015907416425,9.459334775411453,0.49183437146662196
6.394113691054235,3.341759952648313,0.3545036609269921
-0.7544933825798714,4.3225606898851625,-0.017626347630377452
8.253499375779294,2.271036068832314,-1.0565503221172252
-1.4833147548646588,3.894346816651299,-0.8389146660782688
2.8639238940467973,2.3455911157760823,-0.01262571649042589
-2.6923615774151513,4.772723122441501,1.0381101460043294
3.5043652741713855,2.821637671778078,-0.36445771390506054
28.667414984502038,5.286097880847003,-0.8714494721853947
10.189191772231093,2.7669996434481683,-2.704203025446698
1.7924225761043027,2.926536558539409,0.49424983654064686
9.851948577991251,6.157791497364571,0.42734032499911295
3.0044548267392,7.0509373846613945,1.3091908601096847
-0.21354371959332974,4.7346857815181655,1.4667226423106978
42.1336255854036,3.6659041153111174,-0.1430560662946163
1.067096227171278,5.781163291691433,1.2985137262107405
1.9864893078154424,4.759597527064805,0.0013135475559219437
59.81611570537392,3.116804705430095,-0.6764100756855805
11.335179194296627,2.797613853802605,-0.8481965968854679
-5.161645166601593,4.096130915396867,-0.3469411004074356
8.516586636981947,4.901572422080013,0.2274794430270713
-12.68125096855272,6.916543673720674,-0.02740140361111128
6.211157094868041,4.673728469893542,0.2008777905850329
2.7536394472371484,2.437004026171182,0.1989426718227957
-4.399480970871149,8.201039745746169,0.7145993560836897
1.6008024533705645,5.730279042115101,-0.27318177488984935
-7.799419004820253,7.408979405411006,1.6353474579317284
-2.752204666611742,4.872413007813954,0.4376938864796433
1.02606627797892,4.670867042700075,-1.19353585074908
-10.246059411960065,8.798839614066589,-0.2766498041991805
1.8259389481668418,5.167445558535337,0.5158830505351186
-2.6635623711043674,5.073279775567884,-0.4110553320863429
13.97953002519615,4.660278678921498,0.34499504947257426
14.512087784915215,9.34239616939594,0.43439586083113846
1.7644231964587904,2.810126414381073,1.303477683005029
24.19567144693088,6.070271874401826,-0.651695910733076
11.864669927461394,4.2881531766341094,-0.01688086232798845
2.3672441725321898,0.8850952693882065,-0.5676924552935911
11.219495731148948,2.937625849894244,-1.1271328697632843
-0.4495356620285835,2.5589809841280906,-1.8489703111790325
4.819842030978829,4.329737073839681,0.19552905518189043
0.8879092684470867,2.6970012702126613,0.6015652251955874
-0.5242091838959076,3.5358525296755663,0.6391581597899332
14.042534396278114,2.2932034844408364,-1.3899928174620808
20.030460073878658,5.366692255756497,-1.1296778533975846
8.15196650671725,2.401773842884817,-1.1411541948375679
8.074466469568463,2.2575547387566304,-0.6886714996008865
-0.2305504126857758,4.2755143358449,0.17019781815212912
-0.4866713502384248,5.328469604304839,0.5944834272574095
2.5196021535003674,1.7481614561557448,-0.8150326507249573
16.53183506980932,4.096738836182296,-2.8643468370667295
2.790855258228742,5.1764402079912735,0.9538234817082598
-6.770396980248891,7.159001833273798,0.6152847706134438
16.148079952711626,3.5049859039733193,-0.7008707005502633
6.499632970908346,4.140727469889089,-1.0736613414697898
0.8851101901810514,3.297718518475497,-0.2999911967997365
10.74087381702854,3.847681793940783,0.10810656280257064
3.542207231047087,1.2489499999149265,0.7232007635876742
8.02085181335875,5.293010942894124,1.3900950960742664
11.614268326006698,6.507735383165301,-0.8488833983784035
12.129701132591459,1.8332131045396067,0.2907228446434981
1.354290435040007,1.9623849195806238,1.3341760337024224
7.0816652651539505,6.1983478285098315,-0.9013421552590827
3.1317864893922485,7.411820814699422,-0.22276341293285093
4.656951675932241,7.615411954742486,-1.7714680282033988
-3.3520115781421276,5.789720023328043,0.2874222501144454
50.40987925260174,2.2665003692491132,-0.641191762323999
9.778732840388646,4.768374737864918,-0.9249376422389468
2.2945586285039314,3.4926100742881365,-0.7799774691853234
2.8514162199170277,3.999309172110388,0.4445033735943709
7.99340700883589,2.286223295747981,-2.1624690026116604
3.8819513203916065,3.172867684789472,-0.4255108999209454
3.9880420820930365,6.774017970700836,-1.0137176592045458
10.16332938735853,4.655276626832068,-0.9621190283037468
9.131830485508427,5.135373038836542,0.47463462727736444
5.684250269968682,1.9364113314591498,0.35175426960453726
-1.4063112105446083,3.3807031723573773,-0.10702035624698088
3.840100553388374,7.803099068845351,0.5375172566003459
20.621568156388545,5.923297338246596,-0.6021048984481302
27.959640542961456,4.326638916615925,-2.023297645333681
-3.3225726472827217,4.598347279525934,1.1544212805981386
14.983209414098644,3.4276589694797273,-0.2306929976941089
0.7769077688800132,3.4642218894106818,-0.36508876821491065
0.534246448761679,4.882136945130507,0.1575179293757225
8.277555181084814,6.1714890070905035,0.7659322229843956
1.1378033993606476,1.1167373671285423,0.42608696620231346
6.6399187407074125,5.3227531836336865,0.9272653999653109
16.310146616798836,3.2665194865646994,0.04613459284048745
91.17090629262347,9.741132425630733,-0.504285643091111
5.269243708202602,5.338804878238957,-0.30044940835556155
3.018146184485267,5.772965078968075,0.8229159786458711
1.8774428305190132,2.4500949390113766,-0.8492687961290389
15.106165306498795,3.018174140067114,-0.953610095681196
-4.634895636406319,5.683550605332036,0.31347871588257564
-2.602725942146037,3.478417613609681,0.6124733074333142
24.638126389687145,2.2284527271760126,-1.6910832275368821
4.2505906832947815,3.9377228273163047,0.7846986274423248
30.08084539716096,5.0586822169793075,0.011925135260022927
5.697569977251647,4.41466969361952,-0.18125528786996065
6.220741297297399,1.3331316503626833,1.10695440248067
-4.760449965034563,4.347261245934878,1.4793948709882627
3.2017335750654894,3.0929413546126057,-1.1473994409998416
6.381534538806712,5.350367425472643,1.0116543765139954
8.711682852133817,5.625011828657385,-0.6320691949748817
9.394932068984136,5.243361044654339,0.13236131951908964
10.7608994682633,3.6616336547377264,0.4809260647253241
-0.6115324366744872,4.397206262624479,0.13317762758460716
16.130150240655475,5.087657548929852,-1.4628644623281937
12.1843179638382,3.011935262518168,-0.506401780474741
-0.027929788510896808,2.351143987745949,1.5396632373375452
-1.5703468741587745,7.9854565481678526,0.17279361838729132
2.9116873940666026,7.4359444586794465,-0.8358239240796781
46.77842978163608,3.0720308400784164,-0.6559287038796081
1.6104032350204958,8.532102849550188,1.0575660865353198
10.14063113224023,7.413131091278562,0.34608348986536713
5.2830343734973,2.6985844491046436,-0.8971865419936944
12.839881245993606,4.712133427132538,0.006265211255630423
13.544166885430968,7.026456694416496,0.5966705090757303
15.257299113274057,5.836415578247395,1.7225518079440099
8.012455764804614,5.81637718190648,-0.8817494834093454
3.1839973679897664,2.1368381768030624,-0.37994595516686763
-1.5968700549996315,8.070054050203629,0.9961100158737624
-6.577708336150209,4.550000462640805,-0.4591208929438409
2.8942499251617293,1.9356077926958828,1.4602657462125677
4.230811043297541,6.758893955566099,1.0432461769503523
16.871405830207095,3.378622740414504,-1.6590409703468345
3.3026486606184213,2.749976310627601,0.42395777622739556
-5.630840199802355,6.582116185563161,-1.4191629261852392
50.623806570142285,6.3178321341308825,-1.4646924566706825
4.630511149010037,6.204294995801309,0.07042097214783173
3.966375539203482,5.802771172325595,0.05669822198027159
22.509038372291727,4.9502340471477675,-0.03270817726558744
-2.2296077093203124,3.947780100275608,1.2642812240663748
3.460042870763889,4.0378760243617515,0.294987885730239
4.6011625722999305,4.3008611096236,-0.6730868205044889
10.67171070212063,7.762405132683557,0.11958829149095614
19.212546875694457,12.889376916974765,-0.5143965089912942
7.192854195378516,5.959088716416543,-0.06811157386653695
15.74710627481324,4.2776303024562505,-1.148011911836743
6.351709586714698,4.713823221271392,-0.11524448012916928
-2.3973190638375272,4.260895759859271,0.10293639184900857
11.230013101772409,3.697763793348794,-0.7017434871031395
7.22900341117211,8.730505315425455,0.041230624270293975
10.462390377742397,7.310537553493646,-0.6487683505984786
4.602053959218273,1.9825501309035074,-0.6440078594664427
4.431245091942175,5.582766719171836,-0.20443882506637195
-1.8818258939821688,4.638143397852485,0.49084091766159255
8.88884907653146,4.331402107080039,-0.20533698727052974
6.3132913511640005,4.6787313150209995,0.19069132392525565
-1.3447692270376705,5.680681459464417,0.9700241926611237
3.9313139236905386,4.105346941085695,-0.2852610778470694
-0.1505074467167744,7.511758740595189,-0.10361926854176629
-0.812277277303052,2.870110108508443,0.5112545412037061
5.764561184398288,2.42307545185337,-1.2581624500157216
18.671141384848926,4.606739023667504,0.5438259689561943
77.3173223719525,0.5572788617030854,-0.5349635865829891
2.3908414703121545,5.682494665669996,-1.1380460267800723
49.01593647485598,2.4274857918466703,-1.7680037708756537
41.98684930490173,5.447410181057305,-0.7149782028677422
1.877680123562126,2.099805397177868,-1.1702022643596213
51.30755082574242,5.083181223333012,-1.1784481484194593
-7.810663823035255,4.90610839364546,1.6272913379533325
35.50556657074621,2.319896302139057,-1.2121466656285331
16.165378956988786,2.32718332922293,0.9975099174412853
6.294926738418447,5.426765848767557,0.5452456414201712
18.65753795932921,0.8976004296760298,-0.8847891151751205
12.11662946719067,0.9533303124988681,-0.611230697881371
-1.9595029582202796,6.885231064205899,-0.4101995128333568
1.5563002785647146,2.9402727845037724,0.1904093698368145
19.10521657822993,2.322797768912611,-0.3483249289593379
5.406885801790619,1.6654749769401083,0.8268475302849883
-4.367448180564752,4.451910007340817,-0.2926869023027226
315.42811867391174,5.675033774871936,-2.165346209963241
3.212305492194118,5.966867637962231,-0.09621677620338036
11.833428962804327,5.34985953368654,-1.8519568462485847
5.682556003049187,2.712072409437133,0.9378111352320893
0.8984832765055044,0.6694729069992967,-0.7476864814394968
4.455871173420656,2.699719877004474,-1.1152414357001654
2.7148966679727273,3.076697054506298,-0.5915064152988243
4.407619316682208,8.605047838935187,0.5852306839091929
6.272139639123588,4.837441723533344,-1.918558199309863
2.842505334362289,2.2558714472871557,0.2538167915040927
3.568919775654295,1.9376108393842384,-0.9722417662461689
5.045869948125134,11.017381755938993,-0.008513448038016857
7.061819227495521,4.286613538433955,0.6790419110074791
1.6592107232107778,8.637401479670425,0.5696313666924223
6.351704301642854,7.227121333153901,1.5029616611283965
11.958069315384458,2.4189577819266264,0.12908540116547437
11.322227306708712,9.208672036967696,-0.7011829516766179
10.123603062183385,9.118253998772907,2.153707215977231
14.89668580767729,4.759518405059468,-0.3032461382617495
0.21956180011887882,7.884017354984376,0.8075797769080126
-2.6915742267613836,4.649575090361823,0.9309914661264149
14.02633712586417,5.761952388741597,0.45490209827293276
-7.968956891522919,5.169775751865951,1.4254206900636006
16.462606112724888,8.463743887925965,-0.20899117251275004
3.413457519258139,3.5833516977378763,-1.231402779090608
17.630525052281698,6.14086278197521,-0.3606035771533469
5.36761288782545,3.197913979582776,-0.5472132994840564
-2.443664726926109,4.116105946522777,0.32799600751446706
5.882505932672005,4.816813579109412,-0.9332998320936565
6.47750865489207,7.321500455739855,0.6808108248001755
0.2680096653904034,5.159128823305131,-1.1638824001863575
4.15855441963818,7.875358064241761,1.7554495098833474
4.863593379671824,2.784273562255214,1.449637364254908
4.25116969073831,1.2615498479844711,-0.4487949412110841
8.536872427771648,4.3723797731736065,0.14006728893046438
19.96985292804323,3.501182436207591,-0.37365032817758187
9.271157622357363,5.62878045792219,-1.2064341172380846
66.9678012409421,3.028224781198963,-2.6613459749410127
6.961043507668519,5.035961149301138,-0.025094493265590517
1.4789356408454661,5.593762477728687,-0.034373257249063684
-7.704299572221411,7.0880596692532505,1.6423590390448475
9.14295338672278,6.944019101896504,-1.995462147538831
22.9784892758069,1.8660432393950017,-0.6621707586024094
14.206522997558496,5.451699437493612,0.8800379923100327
3.8437758097263686,3.8375441614192773,0.3423874200016432
5.469853381157207,2.3945156864916637,0.12175385552378559
16.790566058838735,6.012742065011811,-0.6207610345118134
23.408897579553166,6.2397654166855,0.20094526757402267
1.4201704253973997,1.3033331340311896,-0.2359053480233409
5.212939926607772,5.538672759621091,0.1136611149702266
-0.25934301536424,4.725157081387139,-0.5779291952878182
-2.398833508153298,5.3277507039996745,1.1885648858383309
-2.806559060432858,9.979354850559767,1.0599362781214736
-1.4562068233960044,4.466652472771244,1.3367582108646765
-4.747127751646926,6.049580511264545,-0.3671691711302169
1.16907590952888,1.4877708900927407,-0.304336704778395
3.6907998427934365,1.5108969354855386,-0.35027962423571324
-0.9639057308732314,1.7454529724525394,1.3741447627280252
8.62448120266522,4.617864124629165,-0.2997204918750691
-13.738587110648611,4.911664412948862,0.09763514422523212
-1.6795539032645046,1.6241793860254403,0.3811880287237219
8.951130311610065,3.508457360189653,0.6782125568187831
86.79921810027864,7.061652065218703,-0.2676732722342697
4.422886017694426,5.659842078326099,2.345965664334913
17.60564727966527,3.644402247690033,-0.9274946555248295
98.03978882396642,8.210388016985391,-1.4265571736977383
2.2021544318592787,8.025892460449173,0.0423026643898127
0.24956280570553335,5.514548386055575,1.7674434700048143
-3.4190899285315592,4.831991939820939,0.052750327145367086
4.178064806240351,4.3685412261270615,0.10972603996996766
-2.5013099837823827,2.873136775717332,0.8632026155581534
0.12506769221455058,3.3355947240497117,-0.09897320476961716
4.795233373448575,2.147079146929911,0.10369654608622059
1.6891583082707462,1.805756644598806,1.2084848756846394
0.889090043591195,5.306420053980036,0.09374602105277179
-8.014406328066972,4.108617007348901,-0.7521965189460833
5.241223077419289,3.217109053539509,0.3949242198726606
9.110696832398027,3.516791691887184,-1.0915204339874187
7.143658362454954,5.798105030729314,-1.4582924249956941
3.1722269305155226,0.5535393198410051,-0.12271228495575431
7.863338467535904,3.739322856758405,-1.1009291916683963
2.7953675101703963,3.8315378583688213,0.5809230718397566
0.9924267199863273,5.330452191716803,-0.14694748935978785
12.490453058114689,4.973878939145386,-0.7663346150723539
5.894422136838317,3.8200892093662517,1.6228975785446231
6.246210347348237,4.053383226402034,-0.10994054403599059
0.940009008266764,6.267755271633975,1.4217048542620574
3.5332724139977545,5.916677621229901,-0.11342104899639796
13.807695384284063,4.015150785082303,-0.3292809415811527
3.3981036025738565,0.8744170330198818,0.37346098359714325
1.0322817497380887,2.0751042073377888,1.0298881309398116
0.2026678317071791,0.9298873083309237,2.705775047199342
5.559818363210114,4.656767360789244,-1.0349458712492445
3.6297937364672492,1.7034814059919918,-0.18342985864072725
7.026341507349871,5.615921138311115,1.077771307451325
-0.38429627931577826,2.9153376538031757,0.3416202252987926
29.612849507661508,7.502608852433551,-0.1873436241186738
10.11550148360708,4.440711847914988,-1.3028591085294745
-2.8893426285992354,8.237658891513528,-0.2786582619756662
7.844934583788826,2.8242797240379702,-0.18475390845826642
4.36587818470549,4.3355143122985975,-0.08177749717356386
-9.110475470086802,9.058199877229002,1.6122417937270668
5.614071166728935,6.177822493980961,-0.4619398395046681
8.59560134363962,8.336552163779336,-1.5760503008186357
-3.4989241365292267,7.542464234443894,0.4964330735311274
-11.415074050341877,5.326391791326226,-0.11195378381896853
1.0089906345812465,1.3125781717469875,-0.20434640021197303
0.46173178587410874,1.4352467992666593,0.6355681628564014
49.839852105816654,6.319354396423019,-2.9066739540715463
8.156896714264048,2.3998529245908,-0.5536582527609551
0.054042607314712,7.077655455414355,-0.15345182825092324
-4.505144376429217,4.89595008158716,0.60529051576044
2.176559212090412,2.831623738692882,-0.261006596184361
39.348408244469205,4.443784869236897,-1.0051384624112516
7.313848060938334,3.84022357724547,0.37256611431258324
-1.5683434017786153,4.2943076387016825,0.01944617652012422
8.038932999219544,3.783452923732983,0.11052881539527579
3.416961465500556,3.8898409718670712,1.1565704369235785
7.131036035790366,7.389726467018079,-0.5422204602117625
46.10195273749487,6.541400787913939,-1.2492012834190815
43.91712259532057,6.0770324058048875,-1.2800125967531908
7.299521348841626,4.876180950274268,-1.023932787790384
5.732778252064999,5.019870679367984,-1.3876505799880632
11.711942979810527,5.833042502996319,-0.04922111440612669
-0.9038685213301079,4.950745484729741,1.8109607304831379
4.376059756284198,2.9829764346124676,-0.09951006570826673
-7.710448403707138,7.122195791968375,0.7772371242973831
-1.3600568700031612,10.218780055022952,-1.1025963251800133
-3.052536080169788,4.426510155899449,-0.2216447827017944
1.958422083008509,4.226371634532208,0.5660949625958996
7.35981607715214,2.959023580234564,-0.35495934525506345
0.5299998540771389,3.641409817540848,0.7852626014680436
3.045275641399222,2.4862236836282148,0.6940473785994037
-1.9961187208825235,4.408646914334705,-0.6327298955849553
-0.9610615188356446,5.516322088375163,-0.771958641961308
-3.0252120531524302,7.43225508054537,2.3578173876011017
5.460022378262277,3.6407866678344836,-0.19254933635980997
12.939774753353204,11.042980666388823,0.006619334214197118
10.662888946004397,3.6189145438975645,-0.05454602462736112
4.7570929865975815,2.6218568434837377,-0.5682068805403763
9.832779043777194,4.141687459386193,-0.926975943696645
2.010990165023008,2.5715815435117566,-1.1357351813807024
9.688552963334516,7.298479371567261,0.9139623390544523
2.023615680334908,5.41355391395095,-0.9860628333228727
-1.7006240837797049,7.865590498352467,0.6674854134896302
0.06369436409920382,4.796336087826732,1.4065954897066193
5.2471665467405835,5.651460730132659,1.1577789601178772
20.049557144255562,9.917352236220578,-0.1387531975735333
-7.25694863205933,6.169389894665445,-0.5393218509601377
7.100683941913659,2.5037695581782327,-1.0788934990615167
4.552048660566402,1.4320567726701208,-0.018562139951109054
-3.3492700871978434,6.879463525040347,-0.23261568567870441
20.54590710439682,6.715983995972349,0.15629354251416033
4.9477097512804695,2.6946749407146537,-0.6040097547540333
0.9787752033505044,1.7150446181120405,0.6290351201216651
-0.24596286386069122,3.5212984326510255,0.714169570852022
-3.198339126497099,3.7280903146516247,1.0758861012887582
1.897432375136892,4.054843470207643,2.2497555173793233
3.1984258162257895,5.961699941866645,0.19789059887929245
8.508930432275049,3.2015617376615673,-0.5755463184787041
13.117390441191288,6.422442108357212,-0.07732086500459463
19.85794370882801,4.475141030717631,-1.6279198891010191
35.15992519647584,7.139383633468173,0.12992315396903723
-6.018805916082702,6.270930783070029,-0.4256731332600608
7.638049147458791,1.0964809460702476,0.40601174852112526
3.122007763288887,3.777973556719948,-0.26881018563807163
12.296836920986468,7.100357111580114,-1.3809845362977053
0.6419312722109634,2.4148514255404394,0.036583321344559265
-0.8064886988195221,6.519399348040485,-1.3532445311763868
4.248209754249051,8.24904998312336,0.8970061939422584
309.3843836376871,7.048722380696287,-1.8293597122639254
0.5509296912760224,2.001959837379183,-0.14187694417199082
3.868863323310678,2.7639956434244164,0.4579817778427795
1.2201783906168508,2.896205278793814,-1.5196175130899865
12.100625305182241,5.026211941915185,1.3990553146602687
2.647837476315666,4.978732634240431,-0.8853391909030234
-0.2532664262559847,5.195581510221181,-0.5063302912213209
3.3869658314088844,4.481984568469509,0.1633321059663306
8.223441875618711,4.859351688325218,-0.337143856258392
7.412893093600947,3.320034374580909,-1.0359515320098254
6.581598168226742,4.544783946144574,0.40933792821671466
8.362871919772633,3.498416021320224,-0.5242234582168864
7.9431321987607335,3.736084178467226,0.5065003735241846
5.655756128690502,4.435360342500735,-0.5047228627747085
11.179398326682836,7.97491543115752,-0.957250328953504
2.695326382388235,4.167687939530529,-0.09463435845325628
0.931894324253238,3.6763097712227646,0.6494393176105838
-9.383721307585832,3.2737780140834234,0.24232179932706566
5.040882355839324,7.524804378605212,-0.05893409026171423
99.69203541297584,4.928240270750255,-1.9477940715761763
-3.232058942026357,2.177055170301246,1.4514436318914952
7.86492409734485,8.814298113905728,-0.03993967763772238
6.057734562249,5.593834054784548,-0.8639976910699111
-0.6412193359419536,5.219644970676602,-0.20169023971251848
9.548114010303728,5.185473295601513,0.2612555627274324
16.116130477821102,2.9131453730579375,-1.5183513833058624
7.934909258373242,3.7236998112194333,0.717308632275803
1.7426572876905773,5.233567148854289,0.2468327280964169
-0.972705637651417,1.5158101112176783,1.2027670463050855
5.820776084546978,7.959566947228828,0.9860392704473506
3.1107695637424255,4.853325206662402,-0.537940599062239
17.90264584230408,0.7258825976167969,-0.49028274181395626
7.545824128584298,4.517979468335608,-0.9955161725624474
0.23453596577014235,2.5393298014061685,-0.3617029282546146
5.611658619920112,5.974203454270197,0.9443548112969227
1.4497262676627798,0.8882160948241906,1.7922070116154545
0.18188846048630514,3.423512044154735,0.9284093958642994
2.532877442181406,4.4839778785715385,-1.829937669630684
-4.4194968564479336,6.243230445722012,0.8218781061631161
6.528240547202422,9.446356722264651,1.0362687620034041
3.94500408224164,2.9299067800799423,0.6174201441298005
-0.9796555160819715,4.66488968716997,-0.8549303631187856
7.957800875867578,6.497980676185557,1.0645105184847106
-2.2325841873328973,3.896230159270736,0.7294814581036666
-3.3316284588149956,4.888643294026085,0.6626565843580902
0.7305192861049747,1.721179217385313,-0.38140720270424255
2.117125108367782,2.1819381917994236,0.8458917777935812
9.76278743000096,5.401988645890814,0.11159188444581268
19.322121572508543,5.594663314857838,-0.06777026165603595
-0.5649762862313288,3.0760750490213544,1.4870980965182778
3.2731857195695384,3.7144772073875165,0.75722337664623
8.10987372399567,2.009635539769571,-2.8740424933987114
26.42591443131899,6.855634018905517,-0.4265424490774816
17.09778771923002,2.507212723199665,-1.4874062956319745
-1.803131364131859,6.516777881881185,0.5887916457109358
-0.1891209638349225,2.8099541570467776,-0.4425995107757795
-3.7262864718252713,5.750303872172621,0.9013048023201978
2.3937084301361566,5.81480679131137,0.4678283403676883
9.782873126298414,1.5493422207240908,0.022040318667030243
8.33953848650231,3.9875492863000237,-0.08510783179561218
21.272533165959533,2.7832849831614235,-0.3612671426534582
7.029278718625241,5.424752174774705,0.19950650153726815
18.05652150960242,3.84695093098632,-1.108254254700305
1.1781525146862415,3.2097326440461065,0.6727940704863536
18.992878139419332,7.234198244545068,-0.39411363337364036
4.856597554621867,7.761618322243621,-0.7439675855849923
2.5296019427128753,3.536461564960819,-0.32611347678341013
-7.626413933639139,6.331977498170168,1.8746688268144742
158.0877687526914,3.692106800718444,-1.757999145346737
244.80322440892897,4.94373267818147,-0.3488609099648686
8.193610698474846,6.010241035651324,0.10658922911838536
7.294549294503439,1.4648470787230279,-0.5376587812051465
1.928062330943315,1.5151093384386856,-0.4112691319118352
-3.4867042395060666,2.9925006632519757,0.3823483379761206
1.5762329349346957,1.1313776167399525,0.222514088542642
-2.2392599485453317,5.311106373210176,-0.6737545083197012
8.98557480300206,3.704151577367139,0.5674329138705246
10.108595772294535,4.00374418013713,0.17948365476000025
3.7223692288633052,2.1081148371113247,0.6863417494880267
15.730454152543711,4.912743137922944,-1.3272636614834123
65.10059982985364,7.000264726710114,-0.7679164382223325
-2.297822221558969,5.014038960541774,-0.19270250867278862
-0.7135783655713086,6.011368815000177,0.9590511980822096
45.62623341274381,5.883535808720521,-0.5290313619794416
11.12993676220526,6.079364176407907,-1.0328869909508562
5.356792071076635,4.417366452544408,0.7717454904474049
2.485079408330109,4.143301132477076,0.46535666419853317
92.2359983370085,4.759553191679298,-1.2256710669139745
1.7463496572079906,2.4495321739167464,2.0466772402203275
2.75874727371298,5.414881688094392,1.4986744488972932
18.925464588237503,2.0750087206245293,-1.3889490846768422
8.959758490576379,4.899605386721421,2.1533764637228114
12.134073346386153,5.405743805919373,-1.7291167405493644
-18.604843605432066,12.693334600189845,0.10204248509449491
16.406512432592763,6.811836054443886,-1.1412791274970941
5.691509963257358,3.973246607080536,-0.377009088203781
-0.9999813634634425,1.444766873828125,-0.34878209876204697
12.64188130796695,6.843383227070713,0.3228850812285634
66.43775543459292,0.39285615029365745,-1.1243396179401581
14.694006820705432,4.999892358932259,-2.7570497223206725
40.94299537172222,8.022452732141318,-0.0958110991197285
1.434109558739323,1.7449751571977876,-0.7466998049566494
4.23234594147162,1.5321249276535913,0.21078141800538472
0.044417375902858325,4.790108447126636,-0.8485098085088187
3.2169737595857653,4.799818428213245,0.7922647657043442
2.268755436389144,4.046238918243891,0.029187432575654648
0.019380475856318635,1.3755126059745064,0.6033880124837925
16.279626846383735,4.22146756730638,-0.9949401048134483
4.274650295409476,5.675420608949499,-0.2113324581437607
-3.9280016981185977,4.103837771127304,0.3440210874961846
5.277118145556735,4.641808556778538,-0.08937852898353664
5.703811120087513,6.599584543419651,1.6540374665164992
259.6492405529695,3.7632989721467807,-1.9629087132089742
2.2374690585421493,3.305979910480771,0.7561255114994895
-4.425037411576468,10.556586179713282,0.014418657943054749
6.943589336984446,5.102926758703254,0.9457138040607923
-2.0234314307195933,3.3570330119997487,-0.09880849238628399
12.003507061178095,2.8895492480418117,-2.739754243387144
-4.699378656405123,5.3908934717362165,0.42030584942315263
21.776106439527116,3.5965612348791183,-0.21837926226098425
35.24970261049454,5.282813626103403,-0.9893553295982536
13.134811769864799,2.852556786703851,-0.6564688961845387
-10.1686957285623,6.103535829980729,0.05566354820130696
0.36368343005748127,4.126518238814318,2.452063444774971
-3.2889728520734525,7.2961594271401005,0.18817357373771001
-1.8375890664585084,7.750380971635904,-0.979696368377701
6.754962353840086,4.196518437704827,1.9036104675045586
8.569771852854075,3.329338609655754,-0.4385197821956135
2.057626629499591,3.7393302658481926,-0.8297260955854634
25.52998855306609,3.5342873111175144,-1.2472313187620014
4.957386705275812,2.860042805577023,-0.673809163087791
-3.090554461291099,6.344069869536974,1.935167263966962
8.93978265577597,2.264619257891635,0.9065614348640754
0.32438005178397905,3.2217886013379613,0.7365267714270788
3.3136009879412898,5.661531046703954,0.14662530404512608
0.8910234549757465,3.515444397119832,0.283120796739
-2.868370789270899,4.446489913373904,0.5892767207701283
3.7053127094783607,4.197641302630684,0.2158494765770421
8.402633461021784,6.038489073449123,0.15505323487431705
1.9196615581906906,8.372870854663478,0.9538266363038521
1.8711411176912627,3.2411063965707667,-0.16585270247928918
10.689768818163111,1.781955437934627,0.25500374557096006
6.746451570347883,5.759565529605618,-0.8974723593546585
-0.43847309001978285,9.823558899402125,1.5839701047027885
-6.346067946464781,5.828155080516188,1.3927586281659683
3.6780389053366322,3.988554277506097,-1.8122582317289215
23.1778787094854,3.691287051959941,-0.21631967858945828
16.121506681411937,4.849033719732557,0.5498560567108783
2.921840288389526,2.6658985780978433,0.48273623751757816
2.971801252084294,2.377295249525831,0.7608487289500743
11.401913655620397,1.5596732481416464,-0.4456580169340146
25.333952366252486,1.4610460888550123,-1.2053334196235226
-1.642557580272765,5.995119141223973,0.3014667397647147
11.87501961079443,5.5067118207953625,-1.5391452235956324
0.2829004197862556,3.424393780639305,0.6353707234936147
-9.71958423825987,6.908556564905592,0.7029517747551515
28.743364984103774,4.403307115600746,-1.9058828646173407
8.34142760776583,4.181710164870796,0.9389214495562386
-1.6142359800992332,3.2836909809546273,-0.22449210549579376
11.37275497984424,6.851834305259856,-0.673816775387947
6.156578468657622,6.768591826111412,0.4457874448056668
-0.3099081853178435,7.291704374035606,1.2806171068986056
-8.933073423294806,8.191740907239756,1.5651301342512298
3.0963381437166557,4.579150942066084,-1.2005460361894953
14.316278580823562,4.06669292207984,-0.43769496637398625
-4.11538988784088,6.221377220098374,0.14638148182446903
3.168263778181619,5.302318642780942,0.06601907555388556
14.513005107438246,5.355534098137311,-0.4450360152965083
46.40809379769513,3.558009885478021,-2.342112386441503
22.13424146349142,3.988595939284344,-0.27838236750785056
6.829279032254902,2.6744965180047586,-1.1818036323448513
6.89671891019589,3.616165735262328,0.033125272564000996
9.84135521989059,2.9979483460042697,-0.8377170118405382
1.2344533985627726,5.799392991358676,-0.11761108024628904
16.226796102972393,10.243385350807275,-0.7415225711291954
22.910957108705837,4.915398370100032,-0.4083469691831653
28.8640076937858,2.417200738593715,-0.37777076095871753
-3.5705250001735864,4.424283442783031,1.3283667119971796
-0.11011596698899534,2.677800549590882,0.7164363068419758
1.8623840705439472,0.8922664085849233,-0.23228918825096126
11.141547523451356,2.7368895897154366,-1.2262269002426671
3.830582776985998,5.279854432795261,1.0475380909316283
2.5357699133476914,7.304729810944344,-1.4364071868238275
-1.1373697266387603,4.297346455379101,-1.1824689283865948
17.43865378091582,2.5997431111553313,-0.7762048358131556
26.411822639229886,4.475906598129625,-0.9723135094757495
56.10868526932883,3.215669797739797,-0.9036575611910728
0.5444330336197861,4.313934432773217,1.287203946044432
2.2492939554530453,4.782568918838066,-0.10618760098731385
10.931896164402403,5.689679227822713,-0.7158709536570668
-1.6386972280819045,4.1548868075569185,0.6717221964776633
-4.5758689681967954,4.923660031573995,0.19763362591688044
33.52292467119799,4.133509844064915,-1.2200967253336346
6.50185156892299,4.47783555601313,-0.5609651204509641
13.28037094525322,7.3956643938665865,0.5337326344117148
5.508471071669425,4.2015854903634695,1.950315464683884
-0.466308688466643,3.4073481700487265,1.5819432296005127
10.819090407974125,5.196238271166249,0.8377875222361082
4.018129001700514,4.568911356675012,-0.013069662684475932
9.867866295859802,1.7529024667688415,-1.7257959620109868
4.676007205409121,4.4694107638538565,-0.7308535736819762
4.234577240657135,2.566185952396605,-0.2154138653469639
5.037386785442767,5.951296258970272,0.49020666855371386
22.9490784953599,5.919862093780842,0.05939342375615319
-2.9705978003012596,5.724821857539626,0.05831205292457413
-1.0305531497752507,2.535708065567665,1.8383631065749597
7.969055895339358,4.019893056896504,0.3876508994135078
-6.93185250273367,3.981228442780719,-0.2805507246546578
15.456998960331077,6.6499647440628316,-0.42851773796357495
-6.168379606562385,5.414529618660489,0.0953249355319381
11.871481136619135,2.6765028729901252,-0.8133314089414193
9.58895565106548,3.4197038724751763,1.3681900774254732
1.9699234709790687,4.427025531436778,-0.2875360300902321
9.595581070911102,5.246355583778287,-0.528552423477519
2.831955583045332,3.353671086206662,-0.8730129232569779
2.5333947271068142,2.5026922164913388,0.9358930724006661
21.634398602861154,1.9200008737190866,-1.2772673230222114
-5.0568540008534555,6.20665267019814,-0.4687398389392297
14.465910486670753,8.15755435696868,0.31251627333967147
-2.3566112969851054,6.583550134421619,-0.1083223016435119
12.877781383985987,6.007330955848395,0.25079041733303153
-3.7352727019528786,4.47082677366063,-1.3161933942062245
5.948586422772337,2.7925917829481715,-0.4300754491673853
27.615277092355793,6.275930824520142,-1.7041096975861307
11.215047370545179,4.620783290487041,-0.8421373652144586
0.7464647923831951,4.283877986936489,1.14825059530873
-0.5236773561841019,8.378216046955425,0.2528315359092158
12.256854706807673,3.4026990253732405,0.08528718612451822
66.69899709593,4.084375959922469,-0.9336261305212078
0.09407562270045422,1.6342385192000133,-0.556819606159632
5.320303460847435,5.769633655652973,-1.0163703194207696
5.845512317707098,3.541797214779989,0.053525249821148306
-0.8442477084909858,5.365621150174588,0.765133606147259
7.2524087125273065,4.470539226935611,0.29919481538150405
-0.8629100721149072,6.620690827811086,-0.6176157482131991
9.115135822947401,7.068903461913826,0.5527873135743231
-2.684214667479134,3.169383947547026,0.38790849886897966
1.1044869319886281,0.7975950666863496,0.8432109422503612
3.0340214044916927,3.7044303755695798,-0.44062758633659355
7.714789690291541,6.173352703273551,-1.179365373252725
2.9101284205595928,2.6767186831669076,-0.08456906535881899
-7.131324105268619,4.373166626964269,0.3027776950526091
2.046347363509435,1.366436672991543,1.5590937311243493
1.809593343852284,6.958900113568954,-0.06966252730524357
-5.022284992332954,3.4431916904760915,0.42703941446780186
8.660942767654399,4.945786030931205,-0.08326319827618026
9.043770605080168,4.871095431547157,2.156397740761819
-6.238166579568629,3.7513746479255383,1.3379680593823593
6.11466393776078,4.686428578097946,-0.2323044473952433
18.64365856882579,6.810699294218516,-0.1274040899473918
14.753013110638415,5.804204255996263,-0.021685404271752137
10.541337961192227,3.6012802098965806,0.11325408438458552
0.26779452594188147,4.5568709569118315,-0.5650954104924737
0.4165734945220443,3.601381485765192,0.08070038724449483
8.714815733067208,4.787979934042041,-0.6957714065889424
7.220784672700633,4.8924213259339915,-1.0962021329519842
4.051090660406735,5.661640219275141,0.8044405577545213
7.140076636365022,2.9093055695456718,0.6566441199347077
14.208988678715098,9.690125206470297,-0.5680306773445385
3.9051337616436337,3.6529223619095497,1.2727858414881386
0.40235848752166636,2.147448056265147,-0.19254391575697063
6.837810072244437,2.5942777819360763,-0.2836652185888171
-1.9296961752222415,7.589105772964276,-0.9536717129392529
-0.31360626927584034,5.5465449985738005,-0.024350646034163422
-0.740689155838816,1.721119724021585,-0.13698596485752174
4.950179130722885,3.560361018026625,0.06751839112108829
4.011068007220631,2.8102488303181667,0.4451683598319762
11.145563914699213,8.58347315331449,0.9066003882460071
0.5922989489362169,2.3393736727147583,0.3274105664605735
2.3413573608506324,4.301081348201147,0.992561626752092
0.35112073455690457,0.4795258623907727,1.0654005740270882
294.275722955225,5.894330975851399,-2.9304820553805806
4.804855784714947,4.325134594759571,-0.36277374298774906
-0.21323419686881998,2.3859005433528813,0.5699325380925584
21.74893609016943,3.307231729451462,-1.1196354723050361
9.084368228577393,5.8976053479686374,-0.9606503586040919
2.2930281871159206,4.918559962168279,0.27373647191220596
1.872845104247367,6.103285239641816,-0.4414232886401607
-2.431626055115512,3.562750739221799,-1.7314878176785118
1.9116926211770813,3.0397646827164904,0.9058548439763732
0.43539502845501143,1.4966984194809023,-0.84083964150677315
-2.8869803656937694,5.766195875782044,0.3863478549259675
-0.28383708571296573,5.276865172274938,0.4124301144570167
4.2909798449195975,2.3221711554625437,1.521268643042347
-0.2893345267969023,3.2221291725245824,0.19656423546082197
-2.3090137344196,3.8472275521155783,0.6656103528367822
2.186204775524352,4.810504491993712,1.1405910922481122
13.935793858611618,5.959985692494091,-0.40638112804759013
34.061534288392664,4.610527916961357,-1.6555613536892908
16.913621465361654,3.6980685690346093,0.1429300364910999
1.2595177791212087,3.4473916208188586,1.3259143083088254
5.079384451780353,7.468462501210186,-1.4062776606395533
3.3230688199462857,2.837377661056509,1.0121316149951463
7.499574428026773,1.3393830576975074,-0.06013084295782553
7.102318617426603,3.7039359531969684,0.09948142428027291
14.736720057456221,4.572092553785639,-0.34922179750587223
2.2492847573265764,1.7836320378164774,1.0368532795903311
10.74812407485742,5.518816121928221,1.424156479141635
-0.5886972243930005,2.383367148196009,1.5708487913861846
9.828104468897106,4.801204778652512,-0.9674007330672846
-0.4854243302949047,6.00038239694113,0.7592858443427929
3.6896070639702856,3.669505190272029,-0.3761896544581433
10.23769306707045,3.3155128274946835,-0.9834094139151947
-0.9119505558066727,5.219937168653152,0.3898951011032169
4.6490075055337305,7.458302407882001,-0.017950713748247474
2.0543667422774154,1.308731139829971,0.7917246050900373
3.0305126639129356,6.074719205271237,1.7923978756370138
1.2224487634845906,2.7962173087461655,1.0367168849363242
9.990560130022404,4.084204133527419,-0.695685615560389
5.180493959017119,3.589826593958576,0.13962266496931752
0.9350306855785074,0.27033983396417716,1.4132454938925456
-0.10406903835920478,3.919319838018317,1.1744375962956402
26.080854465790168,7.246492523919006,-1.584781582664291
6.57074344354807,4.555036610071326,0.9464299206337966
17.297987299019304,3.2616892234538986,-0.34051408511867315
-0.9744950961153145,3.88686174779897,-0.6253626907037071
14.163472061176204,6.101557725415718,-1.101202228982711
8.58990163064028,2.811485728804595,-0.3117954600735203
-4.460942732669922,2.6792573143675518,0.6886565053836384
0.3064786572121106,4.437452785344144,1.4352718778673568
-3.7622731582307667,4.4396740134389,0.13890709820022154
10.718644739468553,5.3829521644580485,-0.07305238642173895
1.5817625358921743,4.508415066263648,-0.2023359381118005
5.49425844542564,8.59551928246805,0.9537993357421699
-0.48961144908941523,6.720158545651049,-1.0811934474420353
-19.827349676864,9.818120506957877,0.25001870455132197
0.6387896402899553,6.125703515491286,1.0216219805718199
0.7263370157294475,5.832211144899944,1.061851511133653
6.9245882057490995,4.279378953339327,0.4170702100727569
15.79396913602368,2.7428994634641306,-1.162366151369977
5.534209539652519,4.254239379753311,-0.8210847298146623
1.0356412066178147,2.283303849760418,-0.7204882577153986
10.972473355879487,2.691526861522558,-1.4432719686969766
32.95655247665842,4.2870432359003905,0.04002033444342184
2.6311293847375614,1.5763627202622872,1.2229466839668077
12.612755002408104,3.8906489208868233,-2.4466939166297146
3.6504727348257138,2.8231236694069697,0.7583878919815237
2.242166235179154,6.457502576424906,-0.2026616541235093
8.753702880426225,5.349560797586808,-0.7691338471950103
0.5823770476344565,2.5841695523655672,0.7700088114106065
4.318320808232781,7.599924546783114,0.6483851588395397
1.4423982622485716,2.6152560239254936,0.09621737861885865
7.559285525282315,2.0714023465698697,-0.9196433531693706
5.297033082402882,2.530125530178557,-0.7048617772379151
2.181569791848932,3.0105480959826214,-1.6172340622775851
-0.9739622385828954,6.798700261104227,1.8808939083669771
5.944448231362849,5.252338868381216,-0.1555943608476133
113.79094208167604,5.372949579275944,-0.7545137487812426
9.534618025378279,5.177291407890904,-2.1609524441695735
36.74398306388237,3.3540809130051445,-0.4294616803004029
6.155946043568185,3.1434876166107544,-0.5491279046395959
37.13935099655078,2.9880248358577557,-1.402315882884332
2.534578944319101,3.6665649088032146,2.3839718231246803
4.175920992291098,6.52510968132591,0.872944350978479
-0.9407344822454888,6.405038113602702,-1.5356658871742428
4.3956319172242395,3.233754578929535,1.1339752513846983
-1.0068917697901474,2.4299530470540134,1.044840160618316
12.951671490397857,3.972058723230475,0.5898306887456086
0.9077400371448772,2.1845411131747396,0.39910373489486656
2.3827782918202125,4.9956175541360945,0.14494918465513956
4.138216632110613,6.479366482922819,0.6191612176077443
7.676721053741,4.915760222509394,-1.032619106098117
5.332738026486089,2.6031587752003897,-0.6493561382756828
-1.0413687546002184,1.9577300268606093,-1.0020072581923882
2.8445914835814463,8.054098123795201,-0.16588095998850333
8.15656398322055,2.5857077599099623,0.14665629511642025
-0.5001340664503756,5.990771717686257,0.6020565241427447
10.120590045994406,5.541181330684491,0.5290555254928206
-9.213493981401395,4.568037318746558,1.4456958407613636
-1.4438319506009212,7.038191630320714,0.5973092874289195
5.826576033072984,3.5142913438923866,1.2563169212895635
17.11121683977331,4.487226912416163,1.0974420428052083
5.4863276490524004,1.9722910143175085,-0.58846041309898
3.0610202376069138,1.4882633457421572,0.7513012815068075
1.332987443324193,2.4723049508716635,0.45351434101758703
-3.0409659926223234,4.850219100143145,0.11917823416888285
21.88514964374488,1.9494799124126714,-0.9033877083052174
1.1463252485043551,3.3100749255609254,0.5879824566943019
-9.33487435877244,4.549012005385377,0.06372874823125446
-7.759670057609496,6.781815654471921,-0.35483585493677927
1.985437131174004,3.29977256455825,0.9224957444187933
5.072517373073798,3.979255362406298,0.9923253685955575
2.8392297063550265,6.771914555743635,0.8735639017935055
32.19954640667666,1.564612767780784,-2.611043461107313
11.171065340896995,1.6077616437261595,-0.8973168327100471
-4.692645624742408,4.773082211590315,0.9372353186046155
14.4270281917252,6.912170792559801,-0.7453363348009856
3.2062605895600447,2.7000942464845767,0.4085396297425392
-0.9636410837581353,4.91414608079708,0.1829126726427585
-2.491719640262935,5.765242547655038,1.107402291182828
27.65519610286193,7.0938125271535375,-0.7103716703796383
6.77830658961348,6.3189151552068274,-0.05780236936072716
7.080016023464257,5.897865972326119,0.3449234167126527
2.113045713682741,4.280752016275437,1.272654447468997
8.299756041011195,7.33507106162986,-0.17738083524204737
4.263960369856441,5.570910366091811,0.29040599697828157
12.607155881151447,1.6702064590910228,-1.3428482060039222
10.869263127724924,1.3092838144917576,0.6330500299381622
-2.6424047466624048,4.7657341565634574,0.20681970608308023
1.4756686738279379,5.651560504969411,0.63930734251053
7.607350455675502,3.5753019058758446,-0.41067056496791354
17.312622776364275,6.455636530827579,1.6853566212658633
3.357599134239868,5.39253548974702,-0.13982610424230818
0.5981377728080186,4.125043652050463,0.12113874885006873
18.155316411167814,5.014441983636234,-0.10567917629944684
2.98570097113206,1.8271593116780294,0.8463048912889697
-1.7673601250464113,2.0186427115573826,-0.7684490239230771
7.7943863977200065,2.7059129087133735,0.20146240526890227
3.2435889239931193,5.29825801985585,0.5745695984679873
0.7680423005070347,5.115297097359104,-1.2452398879829942
3.4431395288503794,4.302883293288335,0.22771880814336304
7.578769658736566,6.169036398141031,-0.5938020622686654
-0.5705784429435282,1.6738600617176238,1.4288107857622052
15.572455500915337,3.7806116866164614,0.7048980689941333
14.357746603654377,2.0534677584939915,-1.7251339094001115
-0.6994058748386403,5.771423908099391,0.9192847819329963
6.634239250036137,6.321642867844328,0.2177409267781878
1.6502091145093454,2.339608621526461,-0.5613247618991992
1.8938875454488895,3.5858800893953404,-0.35558562781481906
11.443553832017951,3.3224888922340736,-1.2721421666116537
-1.9319024149225492,3.4132210148762265,0.3861968516539082
12.73028021539622,5.738873681962633,-1.6385231380142593
0.5476553499193768,2.9997613387473936,-0.14026277727114775
9.12879478798493,7.1064214328113176,0.4551756078369619
8.917619078277054,6.0099657950506105,0.08338336199505222
2.5334939312582,5.354202149244037,0.8591733223104379
0.11818999428944704,2.6014175203424794,0.05054810455568188
0.13711005871649762,1.5869189277826294,2.3089441042270553
2.2453240703536075,3.7939396881707284,-0.8594631747363283
3.7255976301360016,2.49889332318542,1.5391161686660868
4.013597555379805,1.5800173869907512,-1.6144661773489488
8.87901074667954,3.490625791013877,-1.0773164583093435
8.94686275004951,3.8903489404769664,-0.9013605470487986
22.244245812621294,9.444040726092345,-1.5211123611628576
-1.9350101649373879,3.49222337578045,1.484693845067769
1.6687121250621733,6.831849263949781,1.033703320129974
4.4754868624514605,5.251118533214588,1.3712664984235798
7.422687226972927,3.354046051684415,-0.608921441457723
2.326800698775254,2.968697855278276,0.08559709330905715
-4.65599346511909,6.368868210516998,1.1185074910837314
4.721348708482535,4.815809193322315,1.0605297881538123
3.0191461187796427,5.70281924862863,0.5601367735722711
2.808922311157149,1.8206787986094386,0.15814754090066255
31.01959566671985,3.8348293144145895,-1.1641732223166394
6.528714784614481,3.6528852280337247,0.3096861961902495
7.695138306123889,4.38124603012166,-0.17849381487370458
23.546391856755186,4.549042770152877,-0.6545245720214508
5.451215338552905,6.8162577802288355,1.5761572640003787
8.707874152552574,2.3827361930282205,-0.7014037373812948
-6.399751191346267,7.405867369222821,0.24287638937281122
6.646209269177946,7.277264165182408,0.5160357564610691
1.184692715733962,3.8864964314479553,1.0511547620445734
8.35566787470954,4.8513564120586326,0.36730439621612365
-4.9132106471221695,4.604680127741973,1.9732153149735194
1.268522603724534,3.796753529759336,0.4451367478945386
19.576278417996942,2.4717614056169466,-0.4884801684905342
5.174436370202817,7.79470972438875,0.10251153583564541
-0.9299560535591405,2.3620081797834613,0.6691292456092486
55.39272086603441,1.1568526488204212,-2.1905088081706197
10.068666585571828,2.5551952411255683,-0.09556405134702534
-1.7644322059103725,7.337064936931118,0.04152570851598569
11.63306016864706,4.492568637641583,-0.238600873898005
7.36618493592617,4.764979592299592,0.05136853648673132
71.52311476354123,6.483061356821499,-1.9918063602070644
6.701010901032688,7.664711713449202,0.34623628474444
0.45834556837720253,9.44464253902314,0.0030293428011263345
6.124498338722683,4.207481910669464,-0.49242850076636757
0.8268507462035425,2.3568995700757727,-2.8644187225905076
-1.3897198047317403,3.4846957044409526,-0.41121273689784293
0.843550424014369,2.2462279885613103,0.11820853805226784
-0.8410106573017592,5.931787990505774,-0.0711607677680068
9.39079635481382,4.92255607157854,-0.6086974289548046
0.38606867698148917,3.6745231239347187,0.32164528804192266
9.196434631693732,3.5670694270424246,-0.910489532042703
-1.7021163416738065,1.6470690565608777,0.6992810473194637
3.7820195761807307,7.544940071467008,0.8257323751931337
-3.461084498032352,1.8049785260428508,0.9575434119148686
1.214264827544417,2.174685220154091,0.7988462703652932
0.5241224623063976,1.252715698717195,-0.3521272100500287
0.4557613594062412,2.2725402460897977,-0.024946828235775875
-7.296769564192609,6.525645052228021,1.2450733716948454
-5.639108124446354,3.005931764942502,0.6109419585496618
3.0879028349748245,6.149582738184247,0.34688303266060994
13.437612536807034,5.669260431806071,1.2791797109546514
6.157057754570386,2.072426723736486,-0.6268458418696407
2.5173093358995926,1.8931821741238775,0.025263271601457946
4.954570148059145,1.9940400153147528,1.3015090026372471
1.7367001805094215,4.494574033437453,-0.24978969456770722
14.597406636628971,5.66320392788089,0.13499834479540251
10.648159423895768,8.188466691507713,-0.1466732306108881
0.34734414449345585,4.80230820515857,1.233930594139508
7.167258787961034,5.330905336562856,0.13542598236762107
-0.35662035744880116,5.62849300260436,0.0672402924146965
1.3250223288838658,4.680000006675673,-0.6812221085113304
13.58583037657262,1.9193246214733242,-0.4184629402539001
6.317607955815415,5.134178285720464,-1.5692142090819847
1.7086618276988887,1.674914853970163,0.4095865407747671
11.686478452236013,4.323117201312039,0.8478031929345715
-1.9616539795879837,2.6728703002744307,-1.3373843095524653
-0.6399889847833219,3.4352328864442514,0.4013547286377903
-3.2299853091979784,6.994667955707018,0.3289358974990319
-8.282661410872507,8.073185703444294,0.19532100004020583
7.4525609581930254,5.50639160161065,0.07146261011215756
14.62886570464915,5.106452184707556,1.634933260899699
-9.154535355406574,6.942526442890775,0.33300707757929904
9.805353938289585,3.3560083966546315,1.401812622880157
-0.9904698302861972,4.414900181803079,0.4510170208601615
9.868143731123384,3.5957181153121094,0.48732359573993683
13.248404406765307,4.780257999466939,-0.5397374551115344
7.056197264115174,6.017429036447121,2.690907415754321
19.918515118150477,1.7421068169694789,-0.059816075689315684
11.965666106964335,2.116331881643264,-0.4974758678604295
-11.956329040913598,7.652763526819095,0.38241714991964143
17.221047579008324,8.811422881968143,0.4091801784379248
1.0740249637971635,6.517576046449253,0.7237459227889609
7.156880620491056,4.282907113994197,-0.9149245743724679
6.218939763629093,4.7340508388290425,-0.13718509151955885
-1.485794605590815,1.3395809627493078,1.5742932778733336
20.731627650924487,1.6776539801080594,-0.4829177030427586
-0.36157572474056465,3.356216771544966,-0.35619051311056554
5.930867763325546,3.377928717995674,0.6102222742225768
0.8742847752590095,1.9421999869177702,-0.6060351473670363
-0.9058625031086203,7.327694683204312,1.134512003397254
7.02047941386017,3.3635051970918655,0.42246828892729243
8.086679140719262,3.7174472214154886,0.08954971140713695
8.133688578851373,4.427015119999869,-1.5917139939636233
13.68825875343629,3.3128321467209094,-0.34716701424302904
-5.406781483513273,5.515904680252563,2.034295984425349
8.601163122505449,7.903494434059332,-0.28590515559224966
17.260637299815514,8.199596598134205,0.6543787829822045
31.230476550633046,0.3598447147086952,-0.9247476169694776
32.38606069922895,5.329621899246308,-1.5907030392540427
-3.2134662451028104,2.1221806570197863,0.7093984696494043
-2.2273205915474863,6.133689442399068,1.4493267962970837
14.357616212316671,5.178842897075614,-1.5443803093840427
0.7826759510249115,3.913461664098044,0.8460692482213975
-3.279942827708785,4.103276748797493,0.3309324706783673
-0.12168279591363951,3.13272873145386,-0.366187310859143
-3.3645978435869788,5.113821054010546,1.7492849834161563
1.3086722931542107,3.6433284666727763,-1.0051449614559966
-1.2535404835363773,4.333093512547349,-0.11743929884184234
0.20267904814961984,2.836869458956493,0.6685055465380969
47.13110071847817,3.597415957974522,-1.082474021432832
4.829423867123106,5.49827833525622,1.1059678057861917
3.35836414813346,1.235262924463964,-0.11415338193448639
1.5906976785056914,1.4123950545847757,1.2291483044291047
8.623061300660256,6.107134690878347,-0.023296816091668178
-1.122620835006268,8.20701023321117,-0.7351054666201718
11.097537573040318,3.879351379613427,-1.3405148331335206
34.25807961068798,4.474003303060988,-1.373065892371839
7.564406993852584,6.777434613191391,-0.14905709397393474
111.2754362135431,5.4177464002144,-2.0062759591971604
14.94320312588182,5.181710553274998,-1.559568537418094
-2.5598451425971493,3.966794216037006,1.9627015691510818
-1.924939902487593,6.567200628852077,-0.1783182236056327
7.778230151600481,4.8933976605056575,1.3576206731614324
2.964707977596772,3.831916669414997,1.6489920471381703
7.528757722432189,3.5629940102136213,0.11948457059362752
18.219114703004646,5.789742005415683,0.0036206163376104774
-1.6078077312592092,2.57298728223103,0.1964434459246502
0.868402999968805,1.7300555818559693,0.6797395067307023
4.717124973691179,3.3597572641443088,0.8011248449643951
43.15757379322018,0.9536125400292965,-2.015200579776095
3.0666921517775565,2.869107157008822,0.04739598808668784
12.196550080007732,5.825193149109613,0.6130966068598492
6.432870948363204,4.636061432162914,-0.17001848105339878
10.628370555913738,3.0025575413956513,0.22575952443178549
6.661679462833648,3.135436703311408,0.8924041411250566
10.801191428213585,7.489856740042065,-0.14761309875645864
-3.3251168510573823,5.315131554527466,1.5371823103704745
12.324447957913714,6.541248745228743,0.45261935487075633
11.052436837774419,9.185050658564588,-1.5956942525705373
0.12738194388360347,1.7388974487486701,-0.18716529203372886
3.0576452437408523,2.9830243439600324,0.5676344681289459
-2.258680917031303,6.864526845241384,0.16267911676359664
245.50258255819347,0.6585412416808442,-1.3719830129258201
11.995939553581646,1.7045506075149124,-1.883952511691334
16.338772798526684,4.5083317016969104,-0.0680470081647294
3.0670401885952003,4.8716730022697545,0.687306933852914
6.01725705596104,3.5965458203686445,-0.7080007287721534
8.99071872663983,6.582499518153762,0.3776772688161569
0.30036061294167893,0.9824086952746892,0.5807577392744816
8.226312402860291,4.190856093882904,0.9746260923933414
1.3337452966440813,3.8879438750514392,0.5874525093310469
1.2048786080273248,2.2453628244006394,0.24527877882342686
9.562647832846162,1.6467044859138822,-1.5660037041716959
5.180718298870382,3.7253833876007136,-0.5081281480938574
4.644792987763817,6.590677784635408,0.8582788539243903
-0.2657819315892106,1.024905635217105,0.45186671921479893
0.5223914332497477,4.799643725132163,-0.8979042368531327
13.016534831109515,7.321646819211209,0.31901114488486976
54.54066293907549,4.356730367934986,-0.09396451057977467
-3.051649581429303,4.161015121176758,1.2643083249220761
-0.2186233868330525,3.1591779669479916,-0.03400936527864241
2.1465059270418996,1.748602350018397,-0.3881690301279347
-1.4948327872040093,6.120350727314886,-0.260454831909338
8.101017198453256,4.150295954576049,-0.8774345140871133
-0.3694885431861342,6.788826895292264,1.2927514305066479
-6.446769080007724,3.96278355998194,0.16518785360755203
10.757847562556819,3.8289533378489486,-0.603207075711496
4.708929909985258,4.046119442217382,0.3986039008015109
2.8109204818640587,4.202831399693594,0.8589521254586563
41.003136289650435,3.0459222623782645,-0.42191246856938386
1.3710286689609914,3.6454292259992123,-0.30548888942969726
3.555534604383171,5.79948741442822,-0.059188014508479936
1.0949901151579233,2.78560045940492,-2.0018721879523915
33.0167766519973,0.812429682297463,0.15543642135744692
1.9806884453926314,4.376082920339851,0.04256222751567784
-2.0085287478994944,1.5741273677954453,-0.2620391987941573
11.964756568400121,3.0379907538516333,-1.0211932583223045
-2.6142844873077733,6.617573840117136,1.0653571034349194
25.332796727434797,7.05957003597192,-0.45759083787552324
4.383163398371341,2.6897172575701944,0.13530391287927568
6.236798128461014,4.269843566113553,2.112787595701275
3.6727145234944136,1.3396778765691233,-0.5918336953864052
65.9793809377616,4.484750083225171,-0.6687378940457819
3.7064520070315172,3.9175214533787575,0.15387874093146542
6.614634009494356,3.831395532379872,-0.28539161159925236
-0.7356946681941983,6.479638735264668,-0.492696439200976
3.4088765628354714,2.8789606986559986,0.40977153938810235
5.408778324045139,6.5611180169492735,0.2293564507868561
12.314962477380561,6.673927255647832,-1.0746256333173263
16.75229272564649,8.25769090708675,-1.380750854438471
17.58924847991084,3.845460158194972,0.5982332414456878
73.97721630830637,1.7018531494450193,-0.8394686421477494
179.28726514239153,3.0155416362445835,-0.9554250600473478
0.6276370880731169,1.6675934089844908,1.236218070672557
13.450327131046086,3.5110440182259657,0.07598415216960015
4.299069052820213,3.2406360832511516,-0.5395729076347778
3.0651526209968565,6.320935565415351,0.7735381194275099
-3.300999245572932,4.976773835727771,1.304300523829492
0.25599319603691517,2.3177045436888646,0.9851099741092744
3.3526694661934835,3.047339586675437,-1.0117215106861759
-1.8137109483699811,3.105635613769303,-0.6060290257183925
5.915933299470154,8.24264927153539,0.3167260555068654
12.219743140809037,0.7791210781878889,-1.3646911086452884
5.53253860022364,1.627622760624896,-0.38196627952766377
20.516036896446437,3.575813403439739,-0.014292741151751555
10.404927749648325,6.280564426695129,-0.06541813199896566
-4.343621344838073,4.4072812631617495,0.22343241886172202
8.445668932897163,5.86028455438729,0.18318216667889337
-2.142554765998879,4.314266236929501,0.8906612422291582
-11.863108200063593,4.918603996350226,-0.053071844820092424
7.102483526382854,8.574113099291495,-0.8298581155150824
-1.6956554764327034,7.746924024745115,-0.12102909782510911
-1.1571442701954968,4.729092283096288,-0.20965804343483818
20.06892000651048,6.097287380529204,0.03958956171276387
-1.5181406194836597,4.115620272867664,1.4809901974761779
-3.0475943541781243,4.382134357394406,0.5666600583920428
32.49278154995353,9.67060955448755,1.7895803586314092
5.190455161605609,0.6372790336972984,1.1140478511547278
1.4898341775592732,4.258860990360012,1.7940745286478932
-12.832098354513338,7.6821715988332615,-1.3645488998964528
9.322881372620877,6.565571248200093,-0.7074399849997188
8.958993633215368,1.952395521252927,-0.556284345887489
3.2227688384439745,5.482226207545196,-0.31008109375271525
6.991272095497504,8.476138419313108,-0.3761793357283338
-0.02489798858734571,6.4724704698741915,0.45852600842686375
5.030325108992802,4.839271700826432,-1.2611491494311282
20.825166159312808,5.267983611608286,-0.5274651632061453
15.804729764555926,4.631278755569811,-0.556814221798541
4.898410039791083,2.6967258954986697,-0.3744387262160247
4.494376958158519,4.742976751167606,-0.6043999809810607
3.263671742915918,6.654239488885034,1.203127070532661
-2.793392456501446,4.132600238745848,0.7688732334054751
-12.655946181689005,8.858407605541288,0.23835102324136143
2.5433706590251592,4.681931783429038,-1.4150281413886852
4.862189148180944,2.4618230128516756,2.933774386606019
3.1606571692110057,3.6814046326253367,0.9350257573583217
-8.302370024788958,4.7764615417821075,1.2338845217258583
16.18126667246546,4.748694321280643,-1.8913847217980524
-3.725033891017482,6.845245009178898,-0.22265129311793566
0.6654078915627122,2.0805446641640506,0.7681275283609146
11.839326561149617,3.996979474795325,0.38795365826285166
0.21206161247537728,4.422453607481772,0.609133031558329
-0.7715304693067075,4.11713846759486,0.5905186082763214
9.40744732438434,4.941931832921644,-0.43514075328545304
2.384062941206315,6.166627563992109,-0.2507698984990088
6.957635472953317,4.180464578995934,-0.9262693837233122
-9.43622546156515,7.056974132025096,1.0874358032534357
10.857677678865773,3.996141815035059,-1.9439592159042125
-1.1331260758506134,4.346952060003889,-0.2806204383363511
3.0359831295356363,3.1597417264939724,0.8120775566713689
8.660906173464827,3.6699139644921326,-0.20770368700803568
8.71675066301002,4.870710658395572,1.4507573199668296
-6.353751897723752,8.903620208506904,0.8414931781553648
1.5559509914282483,4.279541916760544,-0.8657378221293773
5.309628702537523,3.2673143360747527,-0.05987780670095549
16.754714984024197,3.6170252281059128,0.011531153249758442
-0.7547697372276334,3.2766458998830146,0.26911145139177545
3.137038913800486,2.295574420234329,-0.5281605059234081
-0.59099596559539,1.2148787210393328,-0.6170738413667131
2.114209574933385,3.3828830641152443,-0.262372515021683
-0.21170430497321036,5.047800787689132,0.9123471710054397
-3.620806451385161,4.572267990297462,1.1236105868856499
4.888291802033367,5.638541944011201,-0.6035197136825312
3.180722494093116,1.9202458215998766,0.05532339363836549
4.243183082382625,2.4862372225898497,-1.0006584328848074
4.793174562099513,6.648092361986598,-0.7581788291392241
32.955522049339095,6.2616861913912265,-0.611435814505261
22.29882210008743,9.3105608943331,-1.3167222632079352
38.36151726257701,3.0470556573993695,-2.0074150172171694
1.2336381418093947,2.1067321013691793,0.7680021275291357
22.69271115313186,7.991702015519118,0.4057613135042276
1.3792611208605474,2.183608517815051,-0.8317158789160422
17.335777713854306,6.343445940749787,0.9580757731122832
-4.197034761762858,4.100799204237139,1.8107192514384176
58.50766823386955,3.198617369595832,-2.5500144848277952
9.320728287492118,5.358847787465829,1.1502550807174154
-2.516769190571789,4.63246116777972,1.227893654420767
-0.016505521801716938,4.4149836303688,0.1521031626838094
-6.637417014913344,5.290459231251708,-0.5230838091873725
17.65956008398775,3.9376052997138666,-1.1015933643458382
19.343126925195346,6.984979256386045,-0.8797302814129757
2.2082968759125152,3.1469896798990673,-0.6367002577540924
1.913397524913058,1.960638647058204,-2.105931430842901
5.711808718738199,4.245954690752718,-0.6462583601224295
4.4334997098350115,9.47151560155775,0.9867934263194554
7.119224192447728,3.861384728612871,-0.7549001459325898
-0.6408165519856905,4.942041897324061,1.565204862898135
40.2909011938065,3.7215833751940006,-0.05004926099152618
2.4566040071858133,3.530934599848708,0.11102870614669706
5.413200031999226,4.028719448406184,0.47547104599741724
13.903566122431037,6.569529298816841,-0.9390039047071392
9.769292640393456,4.006490296256944,-0.7740456196429814
1.6563891242730748,6.204372997690467,-0.4235584672326423
-8.19503989872795,6.232421859694174,1.7728794944105375
-2.4802834894150276,3.3892793158303625,0.4265506583302945
21.786107298562754,7.9822378184662774,-0.09447017308871519
14.48429294219633,7.982506031168171,-1.1165954338156634
-1.5574321416417316,5.136503000995321,-0.08743514652954208
4.201711976390299,4.257876933983937,0.39252609017326867
4.605846224721354,5.350137264086694,-0.36062216925372587
4.0107026876225955,5.54756033477091,-0.8879843616174804
23.58207198234447,9.316899545466795,-0.9464165537958558
-2.025381334023586,6.746607232884353,-0.21991155607455942
-0.7236404013177291,6.860407842186191,0.3422201169202101
-2.6052596504434016,2.628859051726136,0.9699241294155336
6.434531802785964,6.049075201630438,-1.3354531401971192
16.41039223873484,5.74240769448509,-0.8008794754061456
64.88869834594023,2.234744283209491,-2.0467963441840684
24.40122521434502,4.341243262786126,0.110056218193675
13.828625462510185,6.092220982739606,0.7161003737353002
3.817163089482377,2.6716555521578944,0.25412060237561257
6.590023579214076,2.6441625582747856,1.2287621880149904
2.8903809233192446,2.7968863002965887,0.5834040059561163
3.694804993683466,1.3061356208964041,-0.5871247737289638
0.5035628342050854,1.4395394496344374,1.4466653579161977
3.268971345938522,3.013652265700846,0.4433940354280337
-0.3044250980142337,4.530149737696427,0.5779468857154482
9.683292037270002,2.0814136852289846,-0.9218349638772807
11.95818920560157,3.255407745273049,-0.24932670516515643
3.873494582154309,1.7654484388291027,-1.2218986463756665
-3.6665803207657266,4.357280480646174,-0.07253964604551047
-13.216846268541946,8.388581462774708,1.364901245036738
6.031773910475958,5.1387965193855845,-0.4575310198442332
20.445893313320326,2.051134774266844,0.06520021936009422
-0.7904812584316474,3.244534343551729,0.7839803359236981
22.060984466130435,1.9262870191816224,-1.5877080731648014
8.97929455177754,6.803719040486014,-1.3693643132381677
1.8569899900767928,3.9738469957891285,-0.9275198026223586
-1.6618634848551577,3.33312997028379,0.3008415598302166
-0.6708282357044304,1.995372997136998,0.08046894610393623
1.5344719670174682,5.372646620836609,1.2467468305172185
46.0444493524576,3.4820968411173148,-1.2344491002050233
-10.425522863295162,6.4655752963263184,-0.4390692943226459
34.14452925966857,6.717233343016752,-2.101593953055599
6.034595932140494,5.946581791325284,1.6187561713732617
-5.7275622879164585,4.100188918965809,1.084328490744129
9.984777688349858,5.120192381938582,-0.6408009069130104
28.188386450133702,4.909209474701181,-0.252819826257065
-1.4647375221718888,2.39562555525164,-0.1348292732224718
-0.3668564264372667,5.455475152134422,1.795355991713825
36.83363327763844,5.219564931740974,0.038396717369020894
-0.8198351484727997,7.23777565681013,0.4129982888900572
-5.854630094763795,5.46398852727069,0.6995721229669913
-0.20955068769334018,4.305318073117443,0.6897909445761501
-9.12670234371641,4.198400492289889,-1.6710594652918824
0.3185398033379182,0.6034912566635474,0.7400483075226273
1.91025912064772,3.351085742742152,-0.9241248991137632
10.467124509283584,5.486979929903973,-0.031688573310969644
10.64719403637092,2.9372164398290823,-1.9277929815202286
7.823519906870949,2.6176433570514517,0.21430302967832865
7.838815648516355,4.042531098187149,-1.0050388655069595
4.009391467744944,2.5017316037811566,-2.1789534922897933
25.3020681754048,6.494745973423937,-1.672549130554911
10.413962695732998,5.4117917138958544,-1.4207221355510173
-10.74542632923915,7.261686774787465,0.5505316387783556
6.6851562014538874,2.450730727778943,0.31043317691678957
-3.2380469810113515,1.853982392119674,0.6850739129619596
113.18781785897379,4.311456897313587,-0.531910490816832
1.5947087488425613,1.6435166788309157,0.18178545986327657
2.83593660424339,1.8626514493443378,0.41159617779636404
-1.8621236101918752,4.7122199649417045,-0.08505904895832021
16.991697307898008,2.94366973020795,-1.1067062035360924
0.20839386898266632,4.237286780410594,1.1291335957399928
-0.3988895146026328,5.854774561538032,1.6680156243741424
1.6378516482528693,2.7262327927058454,2.019102925939471
9.934747746924522,4.464801606688505,0.8925480355724464
-2.9004102466350417,5.68963291838227,-0.18720468320782022
22.68465163344696,5.1551646212182,-0.1276974156106961
6.877465757993022,2.5050549083994187,-0.30533013965806555
-2.740341897878648,7.022414231408969,-0.26286683785631393
6.119941547887098,9.89133142572681,-0.05146864442633239
64.47674134158402,0.8126422719749204,-1.972663359734043
14.881101828416774,3.3619417244844234,0.011228250385148504
9.747022290880722,2.688560822639951,0.23534485729382576
24.86807736883949,1.4047553529480443,-0.9503698535211115
17.656234546800675,4.656963734318116,-1.7571479751953318
3.55476083366298,3.358212017244198,-0.3599606509151732
83.6610472684445,5.6012562353285205,-3.121589558424527
9.10210919638721,7.226306049989335,1.6725471122430748
6.198524918823219,5.793128750391997,0.6905498164489731
2.322172475429011,4.605294496099741,-0.9766703200711214
2.956114695506787,4.952108133401957,0.015134175604893593
1.0278208263295663,1.947193264657509,-0.16545417525042583
62.69583009253072,2.6392386575832014,-1.660213368526867
2.5136903518573757,4.978296084176769,-0.8784343802655038
6.251520621610619,2.871728594078843,0.9658158386023754
19.50869952502709,1.736743565226915,-1.1558213067340022
2.6661588515370114,2.6333064736200167,-0.7513957116156014
6.156166518067123,7.514588857961817,-0.7450843558547412
-4.4860972419864,4.50002592321724,1.227052485474054
2.6497641116579973,5.477707792533891,-0.1908579938214161
-0.5689271835619705,2.98155088481904,0.5543107459746847
5.275066447532429,4.707760577553729,0.7714331271037254
6.865740927074789,2.948715321647982,-0.38006679979076097
13.934746471773376,1.1880536653759215,-1.1285513883559772
1.7643314510455956,10.365950582151106,0.17010177703998433
1.9382665697583046,3.3853139556403877,-0.35854233205106606
-7.7035373110278105,6.988649923620985,1.4429384906865959
4.7339066038065205,4.523019406128927,-0.5199468632432693
1.4101874363481521,0.42979584030846973,-0.3106420943993155
4.140258347506417,1.6985656093845176,0.68273746460155
11.421552951608591,3.79040086656517,-0.6635784203654349
3.093318496245508,3.4611316992904118,-0.017950548636912544
-6.2389054342106265,5.778903037646332,0.4965910165316107
7.653373626111235,6.442962373834621,-0.40427470050569503
60.1226207791104,2.5040598568470807,-1.21164881021411
1.0355728770616133,1.7726042583124064,0.31274371673615853
-4.277840109876649,5.9497084552302875,-0.2798618641896689
70.69102675990129,5.44960426457158,-2.0198551345447164
5.711006715026764,3.7410085508021598,0.2695788631777906
9.44278369453494,3.1878316058430176,0.13179925086917713
99.67251548335099,2.503299548597862,-1.6787712703815327
1.3346957680955176,0.9229535243283786,-0.5258795033040536
-1.1374901015191268,3.2532851782741186,-0.175124623445125
13.54436185617939,7.542553852423334,-0.5566307633916099
-4.516410442991727,3.0889393639318445,0.551848409108525
-0.7408155670103664,4.49167051419972,-1.5760515132802626
35.293480075067116,2.7594007517884322,-0.9542927723911349
21.72910803255222,6.1015235049372745,-0.4498634245985295
-5.483234011198929,7.571290112513469,1.4439063951515718
-2.961302317675061,3.129103854045254,-0.15525408881382272
6.88528336906074,3.0301799080445337,-1.0217189079898987
0.6195939233832608,0.5505649269777017,1.5384697471831117
34.366054027006406,3.6188814642757503,-0.23117597412646154
16.833199136662937,1.1795552545616363,0.55192386215171
-2.101357688844711,4.70740459816855,1.1217940368699788
-5.1575350859465905,6.053280581583092,0.4095453923524929
9.698789790821092,4.831565454694328,1.3002615260408783
33.04581587218141,3.2665300336327663,-0.790921271535216
5.275007426097487,1.913096650673167,1.5986194537485476
62.08853430522235,6.370478939627652,-1.822900273504442
10.188208500899263,7.130316062284806,-0.9753631139768485
3.5242186656635432,4.050907994826564,-0.5864606588517758
-0.6674461089208505,3.3689531955940173,0.2331095518024117
4.346740327774803,2.812071817045206,-0.47344862482533767
8.291517861001324,5.743411899344178,0.5831109806885709
2.7959435592502504,2.4567720650157017,0.4200294472918778
-4.22186739127903,3.957095683038573,0.6788609085705498
5.83282325733815,7.263735531839291,1.482461025169467
6.2032468971011285,2.641780666014038,-1.4252840377618543
-0.8335314303997492,2.1182075718422397,0.9699749806500823
5.023683281138612,2.990650583822986,-0.26546576786187454
1.8594801478017526,7.084893137635151,-0.8031055506851696
0.715766162073499,1.9791640484516488,-1.7770341019159637
8.06156526250997,4.170139946876782,-0.8490368916256684
2.1021562293474507,1.1261860290088253,-0.2994782191460186
42.261138250208425,8.146038685044363,-1.9402444791898512
-2.677058205698562,8.992546226199785,-0.360032787633846
4.7191423816731515,0.8231601723431853,0.5101061871698207
1.812535289591998,6.699178194458196,-1.297970418529645
-0.5993388766946612,5.509318165328296,-0.004847402347941862
4.848539719758162,6.710148806143991,-1.3448522348889662
-1.9902368898673686,4.165957046873101,-0.05168418523115642
1.1945322860406826,1.181544046875281,0.8948497933590774
35.23289530813205,4.2207475950176185,-2.179882272794187
5.749305111781673,4.787496667967486,2.306416432267208
14.462020193465309,0.34546427000122576,-1.167750355550933
11.913112983615406,6.140404838391526,0.9404297186731545
-2.3570196997467496,5.387134174260214,2.0791015960618813
5.4699660496954605,0.41003906684797303,-0.9438240232733426
2.250142762471426,7.398863773047162,-0.6754541451263629
3.3027440783675455,3.4328437819415134,1.021650327997412
14.43520803986672,4.814742394221759,-0.8175034306669764
13.332464581536712,4.842349641605087,-0.9571207340109865
0.3979546477447148,1.3625470691355683,1.5811192798267033
4.81029441869668,1.6660565790228272,1.7664428014873725
-0.33307786790287164,4.465813241916522,-0.22703515888554274
-2.045617961238773,5.9165208157599265,2.281110194975273
6.889313120232892,7.90287953719125,1.9037472165938187
12.69177732034304,1.5841023085975565,-0.06862153650080713
2.112213932049325,3.992266779755749,-0.8138591392666712
16.78787780942411,6.67160371725179,-0.6732553143973271
-1.803552066579095,4.302075420053522,1.4020304633780047
-0.5057531307927596,5.408550815806433,0.5400166082965762
2.9113835199208284,1.3948873312534054,0.6422741687984805
-6.875909864100608,5.299941058184626,-0.01271976498695941
-0.9010583394100694,3.65973572289212,0.18287955322963267
-9.720064635869372,6.899296659078995,-0.4885145802307261
0.6616470542619277,5.335452455511048,1.1352367360764584
5.856534125856357,6.263487027062571,-0.3260510222492205
5.671696931226392,10.2096542780492,1.9918625338277949
1.498354795507197,1.0887302448073206,0.5867728943520916
-1.1372066457391907,1.8952342260170767,0.9883332237171168
2.6089553189445738,3.072215239810119,1.4756239352837106
0.4145978371790782,2.839026346068002,-0.0469533798561104
11.112637488417608,4.382223563485858,-1.76753109920023
4.5455652378250155,5.774692426299266,-0.609633971769902
1.0382063384017612,6.620550760526069,0.5932569122505519
0.29007937992565136,7.765462984772618,1.2033872199931457
6.368413467025766,5.363339554853321,0.20825682693906544
1.4127922047399664,3.4684791479578587,0.839139358531807
0.9502051313160985,6.730656688346267,0.9430414339923201
4.917877755096516,3.514636846119257,1.0280931190927958
3.1357724591742553,5.720175972968133,0.7475638442152566
-6.0386048982288525,5.219699970661976,-0.1914270652862323
4.5429717849407405,3.0130652258715895,1.0246901646615585
10.295481491355439,4.401997802317986,-0.5042219747604497
0.10336212440372261,6.36369600871747,0.34854885945375913
6.423561027612506,3.6270216805083706,-0.5093738751899359
0.8976080714045397,3.8416473768137,0.47782445730894574
5.56910508044911,1.5244021406037302,0.5009853956020099
22.674742301230484,2.7396931784923177,-0.10558051727739777
-4.784506235659668,3.726892196249769,0.027308738901060853
4.517000894007434,2.2658324607013864,0.4337158045711292
0.05174635541798844,4.846632866091725,-1.13106448444332
2.8981035996792364,2.678614707219292,1.0206869005245074
-4.7323776705541185,4.662179310644091,0.26927428999676833
6.761160888434803,5.351396003056266,0.5485486413912031
2.9275734919586593,1.6757342590682451,-0.16942116235867555
112.51937645224825,4.531409032382276,-1.8784402499504922
-4.00374648988896,6.4338693451398425,0.7483071951274446
1.3599830408358282,3.528220395993805,-0.2601001400078088
0.9925276834327614,2.4978723933738443,0.6182606590637149
2.1777410974854385,2.3909035139380275,2.04793696163662
4.032898725841548,2.8167343713743263,-1.1556248379778615
-1.0253832608510103,3.6291777049724425,1.3529414067442387
-2.0042950130225674,4.6384418664632845,-0.36752198160992033
22.10795133551228,8.143984841819517,-0.058310463280676794
8.643597025935712,4.9268480966848855,-0.5322180924377927
2.6954782326157747,5.554169795591242,-0.4985004773576122
11.612274792482793,5.476245389759193,-1.150139577575856
6.506142805689146,3.3853526156611315,0.12624092272810958
3.392757473239575,6.923224187808383,0.4728638991711316
2.6194834059045218,1.7526402391996239,-0.1865252152064361
31.681403287008834,3.8986030260426507,-1.61928644995828
0.4748788862807861,4.245158171346432,-0.40275904621941105
3.0162866870828795,3.8847350876727247,0.41281224180516546
10.647561521046395,3.4876151075794843,-0.7207194040605237
4.033636558024246,4.869239019711726,-0.590065230419111
12.517862822853292,3.429476769490224,-1.1696266178616659
2.648525974433944,5.612435586062838,0.591456646071839
20.09288855230843,5.54315406770996,-0.6686389490017403
-0.3676612793783598,2.82023078823841,3.1679376472164553
1.0654738657486005,4.678974751084515,1.0130394173581498
4.746130466411611,5.038537751612783,-0.16598731965137828
14.921175069892906,5.944930264422394,0.002416472267610141
34.34880644888506,6.194194559719382,-0.7173019831744124
-0.08403456401737697,7.348498212393022,0.2813380283080246
4.851271167894587,4.778699961440473,0.007281897113611192
42.72050825590154,4.350953085425566,-1.729700226408333
33.77123896136485,4.453455581138925,-1.8434736164092018
-0.872422295471937,4.170366651219176,0.6012030314102554
27.927716140850293,4.988467764570753,-2.31793757081662
10.418823029302,4.1614273464227,-0.38031207371957465
-1.781403512862434,5.268148260419172,1.6551649001915614
103.00830843382735,6.711367483658782,-1.6628550490155336
1.2551752404020005,3.2756550712194072,0.2947296657815879
3.123841997783332,1.937009083674144,1.5699014391934059
-0.6581109315683291,3.931600588922615,0.5119468967620473
3.274348153605911,3.002792796025232,1.2859024010639444
4.868853605236014,8.539624616968775,-0.9675147535597126
5.336434544837831,6.58653206474174,0.632389354506734
4.163244668023007,5.860152548295883,0.1830786676463204
-0.3641330035650807,1.5453443712986472,1.3501161169237343
-2.5256951625256603,3.1555660757964175,2.4873276714442514
9.975684424189364,2.643583682375137,0.11466169708146541
-2.1157291483384557,5.034723785387371,1.0957403640039813
1.6124298969601942,3.8783745738091477,-0.4027098711929636
22.28966128465997,4.729136358221874,-0.359069714354474
6.395246131659127,3.0512924942774906,-0.5527882299164539
12.3984638883944,1.3520840769469191,-1.3546749802756626
1.6146291920310645,5.2231104557629475,0.07333886206226291
5.350127260590286,1.5716819183347868,-0.03898852999213201
18.672932174211805,6.029543155181683,0.7218698839813671
6.89458161121768,4.164463451140983,-0.21491895780618064
4.533960891434345,4.945064344619626,-0.9155849337734837
-0.6570673003770615,4.450207992975022,-0.12843854080217224
0.5362798489884792,0.5160205276617971,1.8402104878213872
0.337576128752761,2.283889989285776,0.45053125599063965
0.4249493024481863,5.747075290279406,0.27479367766070556
4.817552754211077,2.546425800016656,1.0563764179970714
-1.2040414326224333,5.386178251878684,1.7920542790542524
-4.531379787020393,3.0250845778325735,1.7108192160986482
6.8151399474173004,3.6817686213023983,-0.4314289339374554
4.48379919878558,2.5099851417727783,-0.07927686438511386
3.017841014735043,7.458465636735531,-0.3632250445005911
2.3822292435878962,5.740772899475148,-0.2009904730369018
-0.036399067119283424,3.6412297043378876,0.4512819298363371
15.8623524164477,4.8335125081743415,-0.47994198480221095
28.135335812075695,8.49575940836344,-1.1655251801267017
29.584978339146218,7.304782075722544,-0.23894397129057732
3.9140973104559205,2.511546444124431,1.4498346519090342
1.8474590873439403,3.692563103652541,1.8528738722531468
13.707909973746478,2.046076635806752,-0.40323150446278255
3.286055910961238,1.684268871607989,0.8269683159561713
0.38808492392994487,3.589135975386746,-0.1291349024126407
2.8618217227246627,2.1602844657810816,-0.12152688679837303
11.840090419688023,5.7527027903819095,-0.6742732848004626
0.09884236953907144,3.597759894362443,-1.5784337987944084
0.3383750719149402,0.8872057267986998,1.802076396447115
1.7711017259854982,4.476661400875376,0.8011168138645066
0.8747723662124849,2.783289486123284,-1.7922647275081711
-4.7216236127281785,3.7785565447302067,-0.34741872627544657
-2.2896688803799936,4.607805341853326,1.5543159293296513
-0.19201957783226228,1.0558365976695836,0.10649279318590005
2.391399727631332,6.961327455158872,0.19250892067048128
6.759476982968073,3.847258601200104,0.8492279671409412
1.9064932642599421,2.475153601682446,0.9905146117532744
12.924533178689506,7.817675216693492,0.6275822116447991
2.550018975758185,3.644353296716164,0.41521548555603777
7.343349038101514,5.5904420914572475,1.4749390648347234
2.6636293704102605,8.49016882163323,1.7094720739115188
4.933003094855985,5.8697235142803725,0.22835960194932023
4.371583540449378,5.132356964577024,-0.2081168820606367
1.5282518171294692,5.199009976738145,0.012145755272346289
6.572858677970123,3.6861196347026786,0.3497226632549645
10.365839685680262,7.13489266001841,-0.6776446424098652
-2.3174367742957247,4.159284714646875,0.6421826791973886
9.00044677346516,3.734440384183329,-1.289438035269364
-1.7545694571153219,9.072406525773955,2.226067254974476
113.82311586550884,3.784659591567559,-2.483419358975882
41.27526081376724,1.8155929750375406,0.17283427870576398
-1.9047353799909212,8.811045313346222,-0.05890414765447679
-1.323331294716458,6.787727029445402,0.5474522973049796
18.89239847423121,2.690923315749963,-0.4104736021043068
-5.127853882905836,5.539725340398694,2.402405160313602
4.929804476010878,4.408952541223666,-0.14422093944235428
2.488293998177144,3.715801032443181,0.023396442834638192
4.601627294607683,5.835210711409509,1.1241219413602277
1.8329698968506873,3.1906262275489454,0.6977744904727515
0.6810926066881229,1.6634339543323553,0.180907478694348
7.741485945044049,3.420278349007318,-0.1696028304057883
2.497720352419459,4.9262344741267174,-0.23452804735268476
58.31566978037593,1.9084803648035438,-1.3549306928370477
5.366353403682521,5.451301162433492,0.6299560785204763
-2.1731734882570164,4.510867104070084,0.44727015251653623
13.865686005836896,3.458820693467682,-1.0440418584567501
-2.8827999065542143,5.894269165656685,-0.1872855746237748
-0.16112655959348993,6.452255419918717,1.2872908702921182
-1.679616131598702,3.746775131171834,1.2740928132618794
15.329817760790775,5.86053615713345,-1.2211613581923568
5.328735406637905,5.837612676438534,0.8020219065496207
-0.30551105722086147,4.693586244029041,0.12683070070260735
3.7959348879014314,3.190945159317153,0.3885148571835424
10.1510126191762,4.907870940826673,-0.8721961732113885
14.911616971395706,5.961198589375683,-0.2070869900089754
192.53478988068616,3.9268510282089193,-2.0584126889720546
2.752745730514438,2.336596696594204,-0.7391233171144963
9.855530469588288,2.7972878750369152,-0.30662212437541647
3.328499863607366,7.013038147693937,1.3034176335332128
-0.5405608146136189,4.919528192920566,-1.0586598550551083
7.073833809813569,3.418681227395456,0.30172018583521715
0.87140414836575,5.686193268945177,0.08997318683277464
22.545249175907717,2.708695605451056,-1.3633922505711211
12.193570939694434,3.933251062127097,0.2825238713036015
1.616764924843753,4.832579952498889,1.5806994504338254
-7.85479157040402,5.997725450256824,0.9400402463218616
-4.4226428102084965,3.0393664527558686,1.1314302320108154
-3.950826732348522,5.326300361786859,-0.21369590069384592
-3.229574736119236,4.561901440894996,0.9578389047500002
656.3971127706368,4.893298733798203,-2.3708096295356715
16.34540401798683,5.14282461040451,-1.2532586093548443
0.4618040213874175,3.5402736341519403,-0.17484795163296463
-2.0878447827369255,9.052934094818191,0.10851159290108808
-8.313456299518736,6.761780014919197,0.5169204543126494
1.183780010717454,5.505677346688977,0.7216343859448056
386.6117909823065,6.585924365404431,-0.4599438327762973
-4.2803771973848095,5.73403015995941,-0.48161154651117455
33.460129454706525,3.125743381342416,-0.34927532225347796
1.4684188720148579,1.0531245243342229,-0.5617659718437079
26.102396294718375,6.153386963580244,-0.124702698398065
1.4319715984381975,4.952298548018094,0.8775523278606351
0.5758410615159572,2.7349892586645215,0.46334691360602087
-6.832637867664393,5.683757711113112,-0.4393653363294463
1.1952913507564644,5.890672229527052,-0.6924172924968032
4.897018370118124,6.968551971340925,-0.10445279359055887
13.843407754628592,1.3026705654488648,-0.2079999125671321
2.416951760573179,5.8554441788464056,1.219308412228223
251.4446393955019,5.197681009830202,-2.2704356990194388
11.319263449071826,5.921288110318159,-0.973452669048348
-10.797852344762846,7.527796215813902,0.6211902590455783
-3.762243533173552,4.08613300260757,0.6625616722978855
22.33562089812926,11.800932085802872,-0.650990248720244
6.6746632961496655,8.464851313264294,-0.20873706855428356
-1.4273928789213333,2.7796536680768904,1.796911647141741
33.762408510391914,6.062950151487899,-1.098778414894412
5.834657109093166,4.945543154593682,1.777742091753251
1.75737269942961,5.304140910065537,0.3169444081445776
62.60432045207108,1.3391732896336548,1.0495764216315664
8.453643403384737,5.785979924072666,-0.5262807850067375
0.40976507361100234,7.878639946782488,-1.1202125363024018
1.0360453084673527,6.843526612972166,0.39825949406673306
0.2199281038946086,3.2377386984082084,0.4213068030036942
4.758941564375722,6.390576883710572,-0.4251536490505823
12.86603117878633,3.9938740127587105,-0.8769910059811044
2.6619503390108643,0.703876298235424,1.299996604309528
2.6582827978353754,7.831911362786188,-1.3367867564949958
-1.8324291764259582,2.7632822636881618,1.429242429732651
-0.4043515921345566,4.284610284204698,-0.5946931200864504
25.747022494181504,7.623431647236988,-1.8826864578202058
1.768518277559801,6.092163288836064,2.180311231724001
3.474931085208271,8.927440986737938,0.3787772786436327
12.540237289274822,1.3800881225085069,-1.0693128287049865
3.058490490185464,3.665941054499507,-0.37514498162194593
15.254080161316327,4.114185158155423,-0.7947977184623825
-0.2322791991942479,5.28938092450977,0.3151228687112743
4.666154581300215,1.90558043882441,0.1339393856836566
2.459233476398791,9.43890993362904,-1.2405515755788454
14.86224245504052,4.937505408682914,0.2564805369209999
40.09080980844227,5.832445867706418,-0.6740702067457454
2.6021784502283962,1.8774734355192522,0.6332273537851183
3.7886935690440584,5.751628880732743,0.6023648732439401
3.3675241395499174,4.242233273179178,-0.034033686526269966
31.305060372303053,0.9326374031386391,-0.7897063605490199
1.163744677363367,2.0612487950743246,-0.4704355542142085
1.1479271404251281,2.9933644443470184,-1.0128181376276992
-12.064447554277223,3.6978522127162337,0.833553270073421
2.521737082530654,3.2419106843770202,1.3540235622317354
21.12264485440071,10.222807640627734,0.050072711986451184
1.5205890664723225,1.6651375773747723,0.33688075564445036
24.46197901537344,4.201952942039474,-0.20899887331939493
-0.48277500019911224,3.477726356937092,0.21845998789684187
2.3707875276152137,6.016365271771982,1.8734752079237194
4.4363143317725395,3.4060434152049757,0.2617218049717015
-6.116258432770618,3.3098995883483138,1.334694519356422
11.581856870861088,6.586650552273811,0.2477466461450963
4.97858965878424,2.4696551887780784,-1.3757848611836088
35.4031737338055,4.063104297556521,-1.1905397817573087
